row_id,age,job,marital,education,default,balance,housing,loan,pdays,previous,poutcome,actual_target,model_score,selected_for_outreach,priority_rank
44664,41,unemployed,single,tertiary,no,7968,no,no,184,4,success,1,0.8974897977131912,True,1
45098,44,technician,single,unknown,no,11115,no,no,185,4,success,0,0.8429068368411258,True,2
43122,20,student,single,secondary,no,215,no,no,92,6,success,1,0.8382727823988053,True,3
43579,41,unemployed,married,tertiary,no,0,no,no,181,3,success,1,0.8324563628522474,True,4
40631,30,self-employed,married,tertiary,no,2666,no,no,93,4,success,1,0.8216232453389292,True,5
44800,72,retired,married,tertiary,no,3561,no,no,184,7,success,1,0.8214344387388466,True,6
44376,63,management,married,tertiary,no,2785,no,no,392,3,success,1,0.8194106073527322,True,7
41963,77,management,married,unknown,no,1780,yes,no,183,3,success,1,0.8177156687567133,True,8
43135,25,student,single,secondary,no,469,no,no,187,2,success,0,0.8142285152660541,True,9
43033,48,unemployed,married,secondary,no,926,no,no,185,6,success,1,0.8135761936290041,True,10
41241,59,unemployed,married,secondary,no,1047,no,no,184,3,success,1,0.8133611818593984,True,11
43658,53,management,married,tertiary,no,3634,no,no,88,8,success,1,0.8118793409807427,True,12
42227,21,student,single,secondary,no,123,no,no,91,1,success,1,0.8111063188956981,True,13
45031,42,unemployed,married,secondary,no,1289,no,no,92,6,success,1,0.8085876385054204,True,14
44087,60,technician,married,secondary,no,259,no,no,386,2,success,1,0.8076227572528436,True,15
40226,24,management,single,tertiary,no,1506,no,no,95,4,success,1,0.8068895919202659,True,16
44420,93,retired,married,unknown,no,775,no,no,13,9,success,1,0.8051529199357526,True,17
43164,30,management,single,tertiary,no,5359,no,no,191,3,success,1,0.7991025004121063,True,18
43682,24,technician,single,secondary,no,598,no,no,182,2,success,1,0.7945137318877307,True,19
44256,27,admin.,married,tertiary,no,2855,no,no,178,4,success,1,0.793207833966858,True,20
44150,29,self-employed,single,tertiary,no,1579,no,no,181,4,success,1,0.7915337608789716,True,21
44791,74,retired,married,tertiary,no,1843,no,no,184,3,success,1,0.7910728781887181,True,22
43336,31,management,single,tertiary,no,3384,no,no,187,3,success,1,0.7906931626760665,True,23
42986,54,unknown,married,secondary,no,2206,no,no,91,3,success,1,0.7906678217221358,True,24
43677,54,management,married,tertiary,no,1624,no,no,182,10,success,1,0.7901657739419768,True,25
41917,27,student,single,tertiary,no,1134,no,no,183,4,success,1,0.7897212980346663,True,26
44735,36,management,married,tertiary,no,2161,no,no,183,5,success,1,0.7894177678057329,True,27
43423,80,retired,married,secondary,no,8304,no,no,118,11,success,0,0.7889996924274791,True,28
44540,48,unemployed,married,secondary,no,926,no,no,178,10,success,1,0.7889474049839442,True,29
44295,61,self-employed,married,tertiary,no,10861,no,no,259,3,success,1,0.7865026231875559,True,30
43123,48,housemaid,married,tertiary,no,5473,no,no,184,2,success,1,0.78623719229775,True,31
41641,57,management,married,tertiary,no,10583,no,no,98,3,success,1,0.7832795061014518,True,32
27974,41,self-employed,single,tertiary,no,1616,no,no,184,7,success,0,0.7830877604938945,True,33
44411,59,unemployed,married,secondary,no,1625,no,no,180,2,success,1,0.7828223642349962,True,34
43684,29,self-employed,single,tertiary,no,3290,no,no,50,3,success,1,0.782699984447779,True,35
42449,42,management,married,tertiary,no,254,no,no,183,4,success,1,0.7824887269843429,True,36
42383,25,student,single,secondary,no,304,no,no,188,2,success,0,0.7798243933847336,True,37
43938,30,management,single,tertiary,no,572,no,no,183,2,success,1,0.7792523112910514,True,38
43475,35,management,single,tertiary,no,2646,no,no,183,2,success,1,0.777647983673,True,39
43005,60,retired,married,secondary,no,523,no,no,182,3,success,1,0.7772079731598099,True,40
34307,30,self-employed,married,tertiary,no,2666,no,no,89,1,success,1,0.7737261457747089,True,41
43477,75,retired,married,secondary,no,3771,no,no,181,2,success,1,0.7735299948310449,True,42
43731,72,retired,married,secondary,no,5715,no,no,181,2,success,1,0.7735299948310449,True,43
44521,42,management,married,tertiary,no,27696,no,no,91,7,success,1,0.773374090358237,True,44
42709,76,retired,married,tertiary,no,2991,no,no,95,2,success,0,0.7732491257853503,True,45
44534,75,retired,married,secondary,no,291,no,no,182,2,success,1,0.7690691225024049,True,46
43890,36,services,married,secondary,no,4721,no,no,92,5,success,1,0.7690475960985751,True,47
43687,50,technician,married,tertiary,no,2611,no,no,387,2,success,0,0.7689399730394443,True,48
45126,54,technician,married,tertiary,no,876,no,no,541,3,success,1,0.7688761843008035,True,49
42993,31,management,single,tertiary,no,533,no,no,91,9,success,1,0.7687456464973859,True,50
42753,69,retired,divorced,secondary,no,4572,no,no,92,3,success,0,0.768217472987242,True,51
45012,51,management,married,tertiary,no,469,no,no,182,3,success,1,0.7681879644584534,True,52
44189,31,technician,single,secondary,no,2544,no,no,184,3,success,1,0.7674231878025248,True,53
43860,27,blue-collar,single,tertiary,no,644,no,no,182,1,success,1,0.7664013857851436,True,54
45162,29,admin.,single,secondary,no,464,no,no,91,3,success,1,0.7659014608356153,True,55
43165,28,student,single,secondary,no,1925,no,no,93,3,success,0,0.764242483893532,True,56
42966,33,management,single,tertiary,no,935,no,no,92,8,success,1,0.7617153725844009,True,57
44151,79,retired,divorced,primary,no,2787,no,no,377,1,success,1,0.7604855097065929,True,58
43479,51,management,married,tertiary,no,469,no,no,181,2,success,1,0.7602298004066128,True,59
42805,34,management,married,tertiary,no,5878,no,no,98,3,success,0,0.7595813081916832,True,60
42498,26,services,single,tertiary,no,12,no,no,186,6,success,0,0.7583732344002789,True,61
43642,67,retired,divorced,secondary,no,704,no,no,87,3,success,1,0.757850103544627,True,62
43525,76,retired,divorced,primary,no,2693,no,no,184,2,success,0,0.7574582622584028,True,63
43892,28,management,single,tertiary,no,187,no,no,92,1,success,1,0.7557571597372527,True,64
44252,24,admin.,single,secondary,no,1295,no,no,92,1,success,1,0.7553004924889638,True,65
40212,32,admin.,single,tertiary,no,8866,no,no,83,2,success,1,0.7544724384796733,True,66
42111,35,self-employed,single,tertiary,no,5462,no,no,186,1,success,1,0.753677789702267,True,67
42907,34,management,married,tertiary,no,1778,no,no,93,3,success,0,0.7513464335976509,True,68
43896,83,retired,married,tertiary,no,4761,no,no,93,1,success,0,0.7503277013674168,True,69
43015,29,technician,single,secondary,no,113,no,no,183,4,success,1,0.7485386642260091,True,70
44575,27,blue-collar,single,secondary,no,535,no,no,95,4,success,1,0.7484424961995695,True,71
34011,53,management,married,tertiary,no,1624,no,no,84,3,success,1,0.7484207872411284,True,72
42322,24,blue-collar,married,secondary,no,272,no,no,94,2,success,1,0.748340909959596,True,73
44391,56,services,married,secondary,no,1989,no,no,181,4,success,1,0.7455062176507591,True,74
44254,34,unemployed,single,tertiary,no,1974,no,no,342,3,success,1,0.7452150616309733,True,75
29183,36,management,married,tertiary,no,82,no,no,178,4,success,0,0.7445687640084101,True,76
44863,33,management,single,tertiary,no,224,no,no,92,4,success,1,0.7438960600047578,True,77
44200,60,services,single,secondary,no,739,no,no,182,1,success,0,0.7430858644685916,True,78
44762,69,retired,married,unknown,no,426,no,no,185,2,success,1,0.7420429790487271,True,79
43294,35,blue-collar,married,secondary,no,262,no,no,181,3,success,1,0.7416744416670576,True,80
33742,32,technician,single,tertiary,no,5514,no,no,182,1,success,1,0.7416286397006542,True,81
45035,47,admin.,married,secondary,no,3676,no,no,95,3,success,1,0.7412389267355085,True,82
41659,41,management,divorced,tertiary,no,3426,no,no,119,5,success,0,0.7403547452743054,True,83
41885,76,housemaid,divorced,primary,no,1411,no,no,187,3,success,1,0.7386004547290778,True,84
41245,29,management,single,tertiary,no,265,no,no,94,1,success,1,0.738092508119817,True,85
45193,28,self-employed,single,tertiary,no,159,no,no,33,4,success,1,0.7364144704010028,True,86
44910,61,retired,married,secondary,no,11,no,no,92,3,success,1,0.7359445940439088,True,87
44786,68,retired,divorced,primary,no,2027,no,no,91,4,success,1,0.7357862874711989,True,88
44560,37,technician,married,tertiary,no,341,no,no,182,3,success,1,0.7357140819806441,True,89
44678,60,admin.,married,secondary,no,12980,no,no,182,1,success,0,0.7357052184472159,True,90
41742,33,management,single,tertiary,no,1781,no,no,183,1,success,1,0.7324516600386862,True,91
42730,77,retired,married,secondary,no,4112,no,no,95,2,success,1,0.7320944477262507,True,92
42386,22,student,single,tertiary,no,691,no,no,103,1,success,1,0.7310800798344784,True,93
43538,35,technician,married,secondary,no,2779,no,no,186,2,success,1,0.7301362098954047,True,94
42851,31,unemployed,single,tertiary,no,302,no,no,357,3,success,1,0.7297147220009585,True,95
42034,57,housemaid,married,tertiary,no,2326,no,no,194,1,success,1,0.7290858878194244,True,96
43303,42,management,married,tertiary,no,1205,no,no,188,2,success,0,0.7271469565128689,True,97
44312,40,admin.,married,secondary,no,0,no,no,182,11,success,1,0.7266518432191179,True,98
40628,47,management,married,tertiary,no,699,no,no,97,2,success,0,0.7260623436452696,True,99
44028,39,management,married,tertiary,no,2939,no,no,165,2,success,0,0.7233687858393816,True,100
40651,36,management,married,tertiary,no,495,no,no,97,2,success,1,0.7229809801354115,True,101
44072,39,management,divorced,tertiary,no,224,no,no,88,1,success,1,0.720591395518477,True,102
41186,59,management,married,tertiary,no,2239,no,no,90,1,success,1,0.7200968065127522,True,103
39480,56,retired,married,tertiary,no,281,no,no,83,2,success,0,0.7197844786547372,True,104
43707,37,technician,single,tertiary,no,197,no,no,87,3,success,1,0.71975620738781,True,105
43467,35,technician,single,tertiary,no,670,no,no,182,2,success,1,0.7194908278147468,True,106
43705,68,retired,married,secondary,no,1146,no,no,71,5,success,1,0.7190413071697761,True,107
42289,34,management,married,tertiary,no,2599,no,no,200,2,success,0,0.7181962601563645,True,108
44460,33,student,married,secondary,no,1536,no,no,178,4,success,1,0.7179243596312718,True,109
43001,35,self-employed,single,tertiary,no,353,no,no,183,1,success,1,0.7174027109112141,True,110
44401,62,retired,married,secondary,no,569,no,no,1,8,success,1,0.7115407932433683,True,111
41610,83,retired,married,primary,no,425,no,no,92,2,success,1,0.7113114298549374,True,112
43310,53,admin.,married,secondary,no,1796,no,no,91,2,success,1,0.7094409435390322,True,113
42585,61,management,married,secondary,no,544,no,no,200,9,success,1,0.7093702895736133,True,114
42988,33,unemployed,married,secondary,no,1211,no,no,188,1,success,1,0.7091885040099087,True,115
44777,62,admin.,married,secondary,no,4608,no,no,186,1,success,0,0.7067269052272204,True,116
43547,29,management,single,tertiary,no,1445,no,no,143,2,success,1,0.7061999499384597,True,117
44016,45,management,married,unknown,no,2724,no,no,182,1,success,1,0.7056358495388951,True,118
41683,54,management,married,tertiary,no,8295,no,no,119,1,success,1,0.7023946714855237,True,119
42599,27,services,single,secondary,no,302,no,no,189,1,success,0,0.7014986490632547,True,120
44234,73,retired,married,primary,no,1388,no,no,190,3,success,0,0.7007983102498566,True,121
44027,30,student,single,secondary,no,314,no,no,204,6,success,0,0.6999237257654461,True,122
31281,44,management,single,tertiary,no,483,no,no,199,6,success,1,0.6989900233645704,True,123
42748,61,admin.,married,unknown,no,4629,yes,no,92,1,success,1,0.6989262239030816,True,124
42363,38,technician,married,secondary,no,6728,no,no,96,4,success,1,0.6983546951656714,True,125
43039,37,technician,single,tertiary,no,197,no,no,91,2,success,1,0.6967571070966242,True,126
39647,32,management,single,tertiary,no,312,no,no,98,2,success,1,0.6939342158202328,True,127
31791,38,technician,married,tertiary,no,3234,no,no,141,2,success,0,0.6919245145062648,True,128
41247,70,retired,married,primary,no,2346,no,no,194,2,success,0,0.6913703237070228,True,129
44643,75,retired,married,primary,no,1413,no,no,188,2,success,1,0.6902092940764697,True,130
44506,34,technician,single,secondary,no,2085,no,no,182,2,success,1,0.6896380309195981,True,131
42711,62,retired,married,secondary,no,243,no,no,280,1,success,0,0.6894136305152797,True,132
25478,30,management,married,tertiary,no,314,no,no,175,2,success,0,0.6890950487432459,True,133
42742,38,blue-collar,single,secondary,no,0,no,no,92,4,success,0,0.688936212867447,True,134
40866,24,student,single,primary,no,474,no,no,104,1,success,0,0.6846559005495213,True,135
41573,48,management,married,tertiary,no,2351,no,no,105,3,success,1,0.683986837113089,True,136
40607,46,self-employed,single,secondary,no,526,no,no,96,3,success,0,0.6839515949756871,True,137
34057,37,management,married,tertiary,no,57,no,no,84,1,success,0,0.6832025053140561,True,138
44903,38,services,married,secondary,no,2678,no,no,187,1,success,1,0.6824848720071548,True,139
43629,41,technician,single,tertiary,no,1646,yes,no,90,7,success,1,0.6811826100380061,True,140
44806,74,retired,divorced,primary,no,2308,no,no,535,2,success,0,0.6801148904998003,True,141
45101,74,retired,married,secondary,no,935,no,no,173,3,success,1,0.6800300407536438,True,142
44128,27,unemployed,single,tertiary,no,77,no,no,77,1,success,0,0.6785475355348076,True,143
43013,36,technician,married,tertiary,no,341,no,no,183,1,success,1,0.6772118972475034,True,144
43317,32,management,single,tertiary,no,1619,no,no,321,2,success,0,0.6768107956702176,True,145
41315,29,technician,single,secondary,no,590,no,no,94,1,success,1,0.6745207762544266,True,146
44630,55,admin.,married,secondary,no,8304,no,no,92,1,success,1,0.6733044864655117,True,147
43761,47,blue-collar,married,secondary,no,1568,yes,no,91,8,success,1,0.6726332471854408,True,148
42717,61,management,married,tertiary,no,13546,no,no,283,3,success,0,0.672439303346553,True,149
43615,33,services,married,secondary,no,1697,no,no,182,1,success,1,0.6720473149141195,True,150
43691,54,blue-collar,divorced,primary,no,4401,no,no,183,2,success,1,0.6713295092030952,True,151
42859,78,retired,married,unknown,no,4807,no,no,104,4,success,1,0.6710055875188944,True,152
43146,56,management,married,unknown,no,4623,no,no,192,1,success,1,0.6697354441257206,True,153
43571,66,retired,married,primary,no,1004,no,no,182,1,success,0,0.6693018613960539,True,154
40058,37,services,single,secondary,no,1045,no,no,79,3,success,0,0.6687306147298372,True,155
39529,48,management,single,tertiary,no,5689,no,no,103,1,success,0,0.6643645141460799,True,156
45188,29,management,single,secondary,no,703,yes,no,550,2,success,1,0.6640843983209256,True,157
43929,45,technician,single,tertiary,no,2033,no,no,285,2,success,1,0.6623467800297087,True,158
42604,55,admin.,married,secondary,no,1633,no,no,192,2,success,1,0.6612640692642704,True,159
34147,33,blue-collar,single,tertiary,no,700,no,no,80,2,success,1,0.660047714529908,True,160
42998,35,management,married,tertiary,no,0,yes,no,92,5,success,1,0.6598384633312745,True,161
41438,26,technician,single,secondary,no,1231,yes,no,93,7,success,1,0.6585208499592826,True,162
41375,43,management,divorced,unknown,no,7702,no,no,102,3,success,0,0.6583349968527147,True,163
41003,35,technician,married,secondary,no,1368,no,no,78,3,success,0,0.6582252847253117,True,164
34309,32,management,married,tertiary,no,141,yes,no,89,9,success,0,0.6578300048039437,True,165
44991,25,blue-collar,single,secondary,no,1857,yes,no,91,12,success,1,0.6566625717494446,True,166
44674,39,services,single,secondary,no,91,no,no,185,1,success,1,0.6564323662697157,True,167
41507,40,admin.,married,secondary,no,732,no,no,139,4,success,0,0.6559607358743585,True,168
42530,44,admin.,married,secondary,no,132,no,no,124,4,success,0,0.6541776746096932,True,169
44756,64,retired,married,primary,no,48,no,no,92,1,success,1,0.6520534244331659,True,170
42343,61,admin.,divorced,tertiary,no,89,no,no,95,2,other,0,0.6516955181238472,True,171
44522,58,management,married,secondary,no,2155,no,yes,182,7,success,1,0.649642688935444,True,172
40417,40,management,married,tertiary,no,2763,yes,no,395,2,success,1,0.6495874773672636,True,173
45102,31,admin.,single,secondary,no,410,no,no,185,1,success,1,0.647563438428167,True,174
43965,64,retired,divorced,primary,no,109,no,no,225,2,success,1,0.6470572688164683,True,175
41032,49,management,married,tertiary,no,1,no,no,101,4,success,1,0.6455025951639801,True,176
44961,48,admin.,married,secondary,no,368,no,no,140,7,success,1,0.6449847300801298,True,177
43843,28,blue-collar,single,secondary,no,-46,yes,no,91,12,success,1,0.6437924457051216,True,178
44725,51,management,single,tertiary,no,151,yes,no,427,3,success,1,0.6412454680485088,True,179
43058,58,management,married,tertiary,no,473,no,no,262,1,success,1,0.6405266274344563,True,180
42169,33,technician,married,tertiary,no,1699,no,no,94,1,success,1,0.6395427788618381,True,181
44642,33,admin.,single,tertiary,no,272,yes,no,92,3,success,1,0.638092817279538,True,182
44673,49,admin.,single,tertiary,no,228,yes,no,93,2,success,1,0.6365609375761381,True,183
42577,32,services,married,secondary,no,914,no,no,197,1,success,0,0.6331805713140741,True,184
40079,38,technician,single,secondary,no,1130,no,no,98,1,success,1,0.6299799108747913,True,185
27894,60,self-employed,married,primary,no,362,no,yes,183,6,success,0,0.6298292062568501,True,186
42534,68,retired,married,secondary,no,1443,no,no,257,1,success,1,0.6289225132827695,True,187
43719,56,management,married,primary,no,870,no,no,179,1,success,1,0.628062383950969,True,188
41580,31,student,single,tertiary,no,64,no,no,105,2,success,0,0.6274795739959786,True,189
44545,27,student,single,unknown,no,598,no,no,524,1,failure,0,0.6258227802272581,True,190
43197,68,retired,married,secondary,no,1146,no,no,110,3,success,1,0.6231080340938298,True,191
45190,32,blue-collar,married,secondary,no,136,no,no,188,3,success,1,0.6224191716547396,True,192
42220,35,management,married,tertiary,no,0,yes,no,96,3,success,1,0.6211475154142276,True,193
30180,58,management,married,secondary,no,-382,no,no,189,12,success,0,0.6206821295698939,True,194
42810,60,blue-collar,married,primary,no,5,no,no,92,1,success,1,0.6195135266848809,True,195
42297,37,management,married,tertiary,no,2987,yes,no,96,1,success,0,0.6171433551504016,True,196
42915,29,housemaid,single,tertiary,no,19,no,no,64,2,success,1,0.6166646403721541,True,197
40197,50,housemaid,married,secondary,no,388,no,no,89,2,success,0,0.6164963557087563,True,198
45178,34,blue-collar,married,secondary,no,320,yes,no,92,3,success,1,0.6164068147217185,True,199
41016,56,retired,married,primary,no,9367,no,no,101,2,success,1,0.6154012139701617,True,200
44815,60,retired,married,secondary,no,975,no,no,792,1,failure,1,0.6153495624048619,True,201
43716,50,admin.,married,secondary,no,3608,yes,no,182,4,success,1,0.6141016936149197,True,202
42277,44,technician,divorced,secondary,no,14,no,no,92,1,success,1,0.6140607252213363,True,203
24506,42,unemployed,married,unknown,no,970,yes,no,119,10,success,0,0.6132481991487949,True,204
42894,63,housemaid,married,secondary,no,2,no,no,93,1,success,0,0.6119941370892722,True,205
42860,45,admin.,married,secondary,no,205,no,no,92,1,success,1,0.6112256655214485,True,206
44946,28,management,single,tertiary,no,616,yes,no,503,2,success,0,0.6074568760898001,True,207
40885,47,technician,married,tertiary,no,2408,no,no,104,1,success,0,0.6048904526305469,True,208
42257,33,technician,married,secondary,no,133,no,no,192,1,success,1,0.603307792529223,True,209
44159,36,services,married,unknown,no,618,no,no,335,2,success,1,0.6031641107339066,True,210
40914,49,entrepreneur,single,secondary,no,5802,no,no,104,2,success,0,0.597886918606816,True,211
40918,33,technician,married,tertiary,no,4401,no,no,104,1,success,0,0.5978348119229171,True,212
42143,38,unemployed,married,tertiary,no,2812,yes,no,187,1,success,0,0.5974231051836706,True,213
42516,32,admin.,married,secondary,no,35,no,no,126,3,success,1,0.5973498756472213,True,214
42978,58,technician,married,secondary,no,589,yes,no,183,6,success,1,0.5970753602115935,True,215
40775,55,admin.,divorced,secondary,no,1693,no,no,102,3,success,0,0.5941923240424923,True,216
41836,43,services,married,primary,no,2557,yes,no,183,5,success,1,0.5909204820838658,True,217
44850,36,management,single,tertiary,no,5958,yes,no,184,1,success,1,0.5852046174177432,True,218
41907,54,technician,married,secondary,no,3994,no,yes,187,2,success,1,0.5824005066823091,True,219
33897,36,admin.,married,secondary,no,96,no,no,87,1,success,1,0.5819066875530978,True,220
42938,24,technician,married,secondary,no,556,yes,no,94,4,success,1,0.5810177837250387,True,221
44864,46,management,married,tertiary,no,7485,no,no,779,2,failure,0,0.5771350102154666,True,222
43700,48,blue-collar,married,secondary,no,1230,yes,no,182,3,success,1,0.5716661194230073,True,223
44531,35,blue-collar,married,secondary,no,1454,yes,no,182,4,success,1,0.5707461060317288,True,224
45177,36,admin.,divorced,secondary,no,1224,yes,no,374,1,success,1,0.5635875238778513,True,225
44710,26,admin.,single,tertiary,no,760,yes,no,186,7,success,0,0.5605637208381711,True,226
40119,46,admin.,married,secondary,no,974,no,no,80,1,success,1,0.5574986574369283,True,227
42707,46,admin.,single,secondary,no,1693,yes,no,97,1,success,0,0.557409548306285,True,228
43482,36,blue-collar,married,primary,no,1177,no,no,311,4,success,1,0.5562061311151021,True,229
43980,31,technician,married,tertiary,no,3338,yes,no,185,2,success,0,0.5558114633033597,True,230
41602,25,management,single,tertiary,no,553,yes,no,479,1,failure,0,0.5555806490825799,True,231
44680,27,self-employed,single,tertiary,no,560,no,no,465,2,failure,0,0.55496924061996,True,232
39724,43,admin.,married,secondary,no,132,no,no,71,1,success,1,0.5535218582797845,True,233
44469,35,admin.,single,secondary,no,-32,no,yes,178,9,success,1,0.5530766947512249,True,234
43586,48,admin.,married,secondary,no,2533,no,no,633,1,failure,0,0.5503711872093596,True,235
43811,28,services,single,tertiary,no,128,no,no,414,1,failure,1,0.5497331036444866,True,236
43045,30,admin.,single,tertiary,no,41,yes,no,186,2,success,0,0.5495831581119551,True,237
41674,37,technician,married,unknown,no,189,no,no,107,2,success,1,0.5495048817396879,True,238
43784,30,admin.,single,secondary,no,265,yes,no,181,2,success,1,0.5494560577828683,True,239
43311,61,retired,married,secondary,no,5196,no,no,95,4,other,0,0.5483549789375735,True,240
34210,38,technician,divorced,secondary,no,902,yes,no,90,1,success,1,0.5449783006145956,True,241
43340,37,technician,married,secondary,no,1458,no,no,326,1,success,0,0.544475105246937,True,242
36001,29,management,single,tertiary,no,572,yes,no,181,1,success,0,0.544040422379627,True,243
34107,34,management,married,tertiary,no,0,yes,no,86,1,success,1,0.5435933695401298,True,244
43160,56,technician,married,secondary,no,1938,no,yes,192,4,success,1,0.5432535928111419,True,245
43637,18,student,single,unknown,no,348,no,no,-1,0,unknown,1,0.5415223586993813,True,246
44644,18,student,single,unknown,no,438,no,no,-1,0,unknown,0,0.5415223586993813,True,247
25537,32,management,single,tertiary,no,2667,yes,no,99,2,success,0,0.5405010273335715,True,248
40523,38,student,married,unknown,no,0,no,no,385,1,failure,1,0.5386326235842679,True,249
32422,31,admin.,married,secondary,no,4457,yes,no,146,4,success,0,0.5343074427192607,True,250
44844,23,technician,single,secondary,no,283,yes,no,184,2,success,1,0.5341602030293775,True,251
41532,32,blue-collar,married,secondary,no,889,yes,no,99,5,success,1,0.5329347000407757,True,252
40940,35,services,married,unknown,no,618,no,no,104,1,success,1,0.532877131763352,True,253
44345,28,admin.,single,secondary,no,261,yes,yes,182,9,success,0,0.5310912761421146,True,254
41578,34,blue-collar,married,secondary,no,262,no,no,106,1,success,1,0.5292911933174071,True,255
43904,67,retired,married,unknown,no,2540,no,no,116,4,other,1,0.5283735471657403,True,256
43930,51,admin.,married,tertiary,no,0,yes,yes,99,2,success,0,0.5266571178775905,True,257
32977,50,blue-collar,married,primary,no,12519,yes,no,147,4,success,0,0.5224169120931855,True,258
34623,47,technician,married,secondary,no,57,no,no,342,1,success,0,0.5209792836782802,True,259
43573,55,housemaid,married,secondary,no,962,yes,no,181,3,success,1,0.5199508944226824,True,260
40922,44,self-employed,married,unknown,no,163,yes,no,100,3,success,0,0.5197763490588541,True,261
44872,30,technician,single,secondary,no,1532,no,no,489,6,failure,0,0.5175743821922687,True,262
39504,38,admin.,married,secondary,no,755,yes,no,97,1,success,0,0.5174328707265773,True,263
44609,36,management,married,tertiary,no,5367,no,no,455,2,failure,0,0.5155353189822546,True,264
45118,78,retired,married,primary,no,14204,no,no,183,1,other,0,0.512178878030001,True,265
43960,61,retired,married,secondary,no,2011,no,no,578,2,failure,0,0.5105215920701341,True,266
41608,70,retired,married,tertiary,no,44,no,no,88,2,other,1,0.5080298684684995,True,267
44711,53,admin.,married,secondary,no,0,no,no,655,5,failure,0,0.5068443573005937,True,268
44398,34,admin.,married,tertiary,no,69,no,yes,251,3,success,1,0.5059349271597174,True,269
43000,42,blue-collar,married,secondary,no,413,yes,no,184,2,success,1,0.5034103247462197,True,270
44810,29,management,married,tertiary,no,247,no,no,587,3,failure,1,0.49872901673739556,True,271
39575,35,technician,married,tertiary,no,8029,yes,no,285,4,success,0,0.4977398436880555,True,272
24165,30,admin.,married,secondary,no,873,yes,no,167,3,success,0,0.49503087291268066,True,273
31255,72,retired,single,unknown,no,588,no,yes,-1,0,unknown,0,0.4945596349068098,True,274
40902,55,management,married,primary,no,113,no,no,457,3,failure,1,0.49296856202686634,True,275
43640,46,blue-collar,married,secondary,no,640,yes,no,55,5,success,1,0.49230605567613606,True,276
45180,66,retired,married,secondary,no,3409,no,no,27,6,failure,0,0.4884132707242261,True,277
44382,37,management,single,tertiary,no,62,yes,no,272,8,success,1,0.4848020072787311,True,278
44139,72,retired,divorced,tertiary,no,402,no,no,-1,0,unknown,0,0.48471319299758553,True,279
43035,32,technician,married,secondary,no,484,yes,no,187,3,success,1,0.48197772452466,True,280
41756,56,blue-collar,married,primary,no,1137,no,no,102,1,success,0,0.4816662404730267,True,281
42833,66,retired,married,primary,no,3629,no,no,172,2,other,1,0.4809897405466303,True,282
27454,55,retired,divorced,secondary,no,1580,no,yes,155,1,success,0,0.48052691771965844,True,283
44785,43,blue-collar,married,secondary,no,408,yes,no,838,3,other,0,0.4796628853836342,True,284
43226,39,services,married,secondary,no,53,no,no,394,1,failure,1,0.4782861907170065,True,285
40402,78,retired,divorced,primary,no,2787,no,no,-1,0,unknown,1,0.4771900496026588,True,286
41681,28,management,single,tertiary,no,6784,no,no,115,3,other,1,0.4757045999530806,True,287
44882,39,admin.,married,tertiary,no,1322,yes,no,486,1,other,0,0.47492957532749863,True,288
41463,24,admin.,single,tertiary,no,0,yes,no,103,2,success,0,0.47425027654177615,True,289
44093,52,services,married,secondary,no,657,no,no,460,2,failure,1,0.47233119640493487,True,290
43852,28,management,single,tertiary,no,223,yes,no,278,3,success,1,0.4702158407662272,True,291
26127,44,blue-collar,single,primary,no,1593,yes,no,174,3,success,0,0.4698949176926219,True,292
43590,41,self-employed,married,tertiary,no,0,yes,no,426,1,other,1,0.46916635740099244,True,293
41133,37,management,married,tertiary,no,3794,no,no,379,1,failure,0,0.4690252216031833,True,294
42635,87,retired,married,primary,no,2190,no,no,-1,0,unknown,1,0.46861436749913693,True,295
33182,31,blue-collar,married,secondary,no,1664,yes,no,182,1,success,0,0.46578949274888265,True,296
41992,52,services,married,secondary,no,992,yes,no,515,1,failure,1,0.46530799842860937,True,297
33729,71,retired,divorced,tertiary,no,780,no,no,-1,0,unknown,0,0.46490090879302776,True,298
34165,32,technician,single,tertiary,no,1246,yes,no,85,2,success,1,0.4640144616835684,True,299
41222,18,student,single,unknown,no,35,no,no,-1,0,unknown,0,0.46393609539788344,True,300
44111,59,management,married,secondary,no,111,no,no,381,3,failure,0,0.4639031399014135,True,301
32074,78,retired,divorced,unknown,no,2628,no,no,-1,0,unknown,0,0.46230647014645776,True,302
44114,38,admin.,married,secondary,no,1767,yes,no,239,7,success,1,0.461828219797827,True,303
42576,32,management,single,tertiary,no,718,yes,no,197,1,success,1,0.46011195934295607,True,304
43211,26,admin.,single,tertiary,no,760,yes,no,281,5,success,1,0.4578835372629411,True,305
31051,83,retired,single,primary,no,3349,no,no,-1,0,unknown,0,0.4575774321478895,True,306
39794,55,technician,married,secondary,no,0,yes,yes,91,1,success,0,0.45538781489926894,True,307
44875,82,retired,divorced,primary,no,928,no,no,188,3,other,0,0.45498643119222837,True,308
45110,50,management,married,tertiary,no,8205,yes,no,508,1,other,0,0.45493598859955964,True,309
33849,68,retired,married,secondary,no,20723,yes,no,-1,0,unknown,0,0.4547143825234751,True,310
39340,38,technician,single,secondary,no,-242,yes,no,278,6,success,1,0.4545133416173689,True,311
26956,31,entrepreneur,single,tertiary,yes,-405,yes,yes,100,2,success,0,0.4531872319674727,True,312
44626,31,services,single,secondary,no,-205,no,no,579,1,failure,1,0.4526367942280302,True,313
43945,63,retired,married,secondary,no,23047,no,no,139,2,other,0,0.4525830549675817,True,314
43537,80,retired,divorced,primary,no,5861,no,no,-1,0,unknown,0,0.45247927614437833,True,315
42481,72,retired,married,primary,no,3856,no,no,115,1,other,1,0.4496828570575466,True,316
43243,64,unemployed,divorced,secondary,no,588,no,no,-1,0,unknown,1,0.44946939723561297,True,317
40964,31,admin.,married,secondary,no,35,no,no,105,1,success,1,0.4481383766995096,True,318
29441,31,technician,single,secondary,no,863,yes,no,263,5,success,0,0.4477608746026434,True,319
42494,87,retired,married,secondary,no,433,no,no,-1,0,unknown,0,0.446385970063822,True,320
42640,64,retired,married,tertiary,no,2139,no,no,91,2,failure,0,0.44498841923541055,True,321
44100,70,retired,divorced,secondary,no,4572,no,no,162,5,failure,0,0.44407365132473015,True,322
40794,64,retired,married,secondary,no,504,no,no,14,3,other,0,0.44316076288868006,True,323
45138,30,technician,single,secondary,no,500,yes,no,543,3,failure,0,0.4430871443964416,True,324
36134,51,admin.,single,secondary,no,726,yes,no,14,8,success,0,0.44230257280672153,True,325
42398,68,retired,married,tertiary,no,2820,no,no,97,2,failure,1,0.44169275288133486,True,326
32800,34,management,married,tertiary,no,520,yes,no,248,4,success,0,0.4415853023792539,True,327
43497,57,retired,married,secondary,no,3738,yes,no,367,7,success,0,0.44145913085497657,True,328
42352,23,student,single,secondary,no,922,no,no,85,8,failure,0,0.44095272890912374,True,329
42952,60,technician,married,secondary,no,824,yes,no,558,7,other,1,0.4406453600937739,True,330
31155,25,student,single,unknown,no,2503,no,no,-1,0,unknown,0,0.44018090315357,True,331
41591,29,management,single,tertiary,no,874,yes,no,103,1,success,1,0.4373246091766404,True,332
40856,37,management,married,tertiary,no,393,yes,no,104,2,success,0,0.4370661368627107,True,333
44099,28,management,single,tertiary,yes,1414,yes,no,521,1,failure,1,0.43705653368808217,True,334
40030,41,admin.,divorced,secondary,no,1076,yes,no,391,2,other,0,0.4368246409554139,True,335
44614,52,self-employed,married,tertiary,no,4012,no,no,92,5,other,1,0.4363650120080633,True,336
42176,64,entrepreneur,married,tertiary,no,2331,no,no,-1,0,unknown,1,0.4358918791560029,True,337
42565,39,technician,single,tertiary,no,25,yes,no,210,2,success,1,0.43407004465020216,True,338
42272,75,retired,divorced,secondary,no,2199,no,no,-1,0,unknown,0,0.4339084186036619,True,339
43390,26,management,single,tertiary,no,3,yes,yes,350,1,success,1,0.43363489028100405,True,340
41934,92,retired,married,unknown,no,775,no,no,-1,0,unknown,1,0.4332674137632724,True,341
30915,36,self-employed,married,secondary,no,1245,yes,no,248,9,success,0,0.43239325911540816,True,342
41918,74,retired,married,tertiary,no,4912,no,no,-1,0,unknown,0,0.43203123767234136,True,343
24802,56,technician,married,secondary,no,589,yes,no,26,3,success,0,0.42833713758555253,True,344
43293,25,student,single,unknown,no,839,no,no,181,2,other,0,0.4268893146881907,True,345
41928,64,management,married,tertiary,no,4688,no,no,-1,0,unknown,1,0.42447423742307944,True,346
40737,63,management,married,tertiary,no,5112,no,no,-1,0,unknown,0,0.42447423742307944,True,347
45049,25,technician,single,secondary,no,3843,no,no,95,2,failure,0,0.42416213165236305,True,348
45163,71,retired,married,secondary,no,2064,no,no,92,3,failure,0,0.42292485325573936,True,349
41064,38,technician,divorced,secondary,no,902,yes,no,102,4,success,0,0.4222323003031829,True,350
31592,49,technician,married,tertiary,no,523,yes,no,31,2,success,0,0.4217408317214344,True,351
43553,32,admin.,single,secondary,no,154,yes,no,521,2,failure,0,0.42125908973101306,True,352
43011,64,retired,married,tertiary,no,846,no,no,181,3,failure,1,0.4212490453928702,True,353
43315,86,retired,married,primary,no,1817,no,no,-1,0,unknown,0,0.42026739494486964,True,354
45116,25,student,single,secondary,no,1868,no,no,103,2,other,1,0.4195074524747164,True,355
30488,64,management,married,tertiary,no,6251,no,no,-1,0,unknown,0,0.4174670877831201,True,356
42071,62,management,married,tertiary,no,7458,no,no,-1,0,unknown,1,0.4174670877831201,True,357
41336,66,admin.,divorced,secondary,no,220,no,no,-1,0,unknown,0,0.4166185121075418,True,358
41264,37,technician,married,tertiary,no,127,yes,no,193,1,success,1,0.4150479741312619,True,359
40795,34,admin.,single,secondary,no,-32,no,yes,103,2,success,0,0.41452602435842534,True,360
40700,63,retired,married,tertiary,no,8103,no,no,-1,0,unknown,0,0.41438459887038714,True,361
42132,67,retired,divorced,secondary,no,704,no,no,-1,0,unknown,1,0.41409059101245543,True,362
31272,66,retired,married,tertiary,no,2820,no,no,-1,0,unknown,0,0.41132967984801716,True,363
41919,67,retired,married,tertiary,no,3810,no,no,-1,0,unknown,0,0.41132967984801716,True,364
41085,46,blue-collar,married,unknown,no,336,yes,no,457,1,other,1,0.4109128345718278,True,365
41213,25,student,single,secondary,no,3090,no,no,-1,0,unknown,0,0.4106355222326484,True,366
11153,61,entrepreneur,divorced,secondary,no,369,no,no,-1,0,unknown,0,0.4104956203274836,True,367
40209,25,management,single,tertiary,no,6246,no,no,-1,0,unknown,0,0.4101180416262408,True,368
33717,67,retired,single,tertiary,no,2144,no,no,-1,0,unknown,1,0.40884781082833654,True,369
44967,70,retired,divorced,secondary,no,4572,no,no,95,16,failure,0,0.4073715074457301,True,370
40943,62,management,married,tertiary,no,10373,no,no,-1,0,unknown,0,0.4049469755282369,True,371
43536,46,admin.,divorced,primary,no,429,yes,no,369,2,success,1,0.4028730424056212,True,372
44357,23,management,single,tertiary,no,906,no,no,-1,0,unknown,0,0.4027558808791628,True,373
44795,49,management,married,tertiary,no,1093,yes,yes,246,4,success,1,0.4013042827557068,True,374
26330,33,technician,married,tertiary,no,6843,no,no,100,10,other,1,0.3989193256618695,True,375
42919,73,retired,married,tertiary,no,443,no,no,-1,0,unknown,0,0.39788461807567355,True,376
43238,83,retired,married,tertiary,no,4761,no,no,-1,0,unknown,1,0.3978620240693353,True,377
31251,24,management,single,tertiary,no,1030,no,no,-1,0,unknown,1,0.3976878810920538,True,378
41084,36,technician,single,secondary,no,1228,yes,no,102,3,success,0,0.3959283338405958,True,379
42626,25,technician,single,secondary,no,4859,no,no,-1,0,unknown,1,0.39583791831159,True,380
32540,38,admin.,single,secondary,no,245,yes,yes,345,2,success,0,0.39582520069428084,True,381
41606,25,management,single,tertiary,no,808,no,no,114,2,failure,1,0.3956939074407523,True,382
37133,28,admin.,divorced,secondary,no,451,yes,no,301,1,success,1,0.3951921800205756,True,383
29464,68,retired,divorced,primary,no,250,no,no,-1,0,unknown,1,0.3942668820323857,True,384
40561,79,retired,married,secondary,no,4738,no,no,-1,0,unknown,0,0.3939865921764978,True,385
42333,71,retired,married,secondary,no,5715,no,no,-1,0,unknown,1,0.3939865921764978,True,386
44380,33,management,married,tertiary,no,7154,no,no,129,4,other,0,0.39301689628628583,True,387
44485,55,services,married,tertiary,no,2877,no,no,91,2,other,0,0.3922239541777701,True,388
43418,30,technician,single,tertiary,no,2325,no,no,241,4,other,0,0.39050312087868605,True,389
42776,29,management,single,tertiary,no,187,yes,no,555,2,failure,0,0.3889064777951989,True,390
42287,24,student,single,secondary,no,382,no,no,92,3,failure,1,0.3887243742173626,True,391
41896,61,admin.,married,secondary,no,1541,no,no,104,3,failure,0,0.38797845119058005,True,392
42423,38,services,married,secondary,no,5000,no,no,536,5,failure,0,0.3877812078236612,True,393
44655,62,management,married,secondary,no,1128,no,no,290,3,other,1,0.3876850423362339,True,394
44821,67,retired,married,secondary,no,2048,no,no,195,4,other,1,0.3869928920116799,True,395
44015,22,student,single,secondary,no,10971,no,no,-1,0,unknown,0,0.3868587855303203,True,396
43076,47,blue-collar,married,secondary,no,1568,yes,no,262,7,success,1,0.38511024501387964,True,397
43102,23,student,single,secondary,no,381,no,no,189,2,other,1,0.38461640700032496,True,398
43744,27,unknown,single,tertiary,no,6421,no,no,110,4,failure,0,0.3836852611625622,True,399
42053,66,retired,married,tertiary,no,1948,no,no,269,2,failure,1,0.3836740737938756,True,400
44127,74,retired,married,primary,no,5539,no,no,159,3,failure,0,0.38352933662691746,True,401
43773,71,retired,married,primary,no,3230,no,no,133,3,failure,1,0.38352933662691746,True,402
33740,64,technician,married,tertiary,no,826,no,no,-1,0,unknown,0,0.383462858873987,True,403
42254,27,student,single,tertiary,no,5291,no,no,92,2,failure,1,0.38329664651401785,True,404
43774,25,self-employed,single,unknown,no,1179,no,no,95,5,failure,0,0.3800780039141239,True,405
41649,74,retired,married,primary,no,4286,no,no,-1,0,unknown,0,0.3798996837221409,True,406
40676,73,retired,married,primary,no,5539,no,no,-1,0,unknown,1,0.3798996837221409,True,407
44483,75,retired,married,primary,no,3504,no,no,-1,0,unknown,0,0.3798996837221409,True,408
41455,63,retired,married,tertiary,no,1795,no,no,-1,0,unknown,1,0.37904595783746137,True,409
31322,64,technician,married,tertiary,no,1319,no,no,-1,0,unknown,0,0.37904595783746137,True,410
41811,64,retired,married,tertiary,no,2139,no,no,-1,0,unknown,0,0.37904595783746137,True,411
40954,77,retired,married,tertiary,no,699,no,no,-1,0,unknown,1,0.3790109376960523,True,412
34279,36,self-employed,married,secondary,no,188,yes,yes,333,2,success,1,0.3784462710086469,True,413
44956,29,unemployed,married,secondary,no,687,no,no,88,6,other,0,0.378396471522065,True,414
41522,77,retired,single,primary,no,300,no,no,-1,0,unknown,0,0.3782963811671391,True,415
41540,23,student,single,primary,no,1235,no,no,91,3,failure,0,0.37780809782918967,True,416
39723,52,technician,married,secondary,no,196,yes,yes,99,1,success,0,0.3777107609222315,True,417
37607,32,technician,single,tertiary,no,13711,yes,no,175,3,success,0,0.3774370615749896,True,418
44574,29,management,single,tertiary,no,1673,no,no,159,3,other,0,0.37714807612396195,True,419
44747,24,student,single,tertiary,no,834,no,no,-1,0,unknown,1,0.37685046715548265,True,420
45199,34,blue-collar,single,secondary,no,1475,yes,no,530,12,other,0,0.3752748144071975,True,421
30908,76,retired,married,primary,no,2590,no,no,-1,0,unknown,0,0.37524856546266266,True,422
30225,72,retired,married,primary,no,9160,no,no,-1,0,unknown,0,0.37315127674792303,True,423
40259,25,admin.,single,tertiary,no,1185,no,no,-1,0,unknown,0,0.37191937496891464,True,424
43079,22,student,single,unknown,no,1215,no,no,192,1,failure,1,0.37157627299355067,True,425
43322,22,self-employed,single,tertiary,no,780,no,no,-1,0,unknown,1,0.371197614326574,True,426
44496,33,management,married,tertiary,no,1514,no,no,728,2,failure,1,0.36980556410169,True,427
33700,65,retired,married,tertiary,no,1973,no,no,-1,0,unknown,1,0.369363251203277,True,428
41637,20,student,single,secondary,no,1191,no,no,228,1,failure,0,0.36868678913262004,True,429
44605,23,management,single,tertiary,no,377,no,no,-1,0,unknown,0,0.3680317679901128,True,430
34006,34,management,married,tertiary,no,4859,no,no,37,1,other,0,0.36802181448361004,True,431
33912,25,management,single,tertiary,no,943,no,no,-1,0,unknown,1,0.36571687239350575,True,432
34337,63,management,married,unknown,no,2352,no,no,-1,0,unknown,1,0.3653175728714692,True,433
40645,75,blue-collar,married,secondary,no,6053,no,no,-1,0,unknown,0,0.3649329720931538,True,434
40976,66,retired,married,secondary,no,4785,no,no,-1,0,unknown,0,0.364411661405718,True,435
31566,68,retired,married,secondary,no,3588,no,no,-1,0,unknown,0,0.364411661405718,True,436
34121,70,technician,married,secondary,no,3020,no,no,-1,0,unknown,0,0.364411661405718,True,437
40677,65,retired,married,tertiary,no,162,no,no,185,2,failure,0,0.36428264904498814,True,438
31353,22,student,single,secondary,no,2139,no,no,-1,0,unknown,0,0.3641773701316871,True,439
31920,20,student,single,secondary,no,1819,no,no,-1,0,unknown,1,0.3641773701316871,True,440
42267,77,retired,married,primary,no,2590,no,no,277,12,failure,1,0.3638632348640786,True,441
33650,41,blue-collar,married,secondary,no,1384,yes,no,340,4,success,0,0.363671211243343,True,442
40350,28,self-employed,single,tertiary,no,442,no,no,95,3,other,1,0.3603168262238435,True,443
13688,25,management,single,tertiary,no,710,no,no,-1,0,unknown,0,0.36013450872119007,True,444
40559,20,student,single,unknown,no,829,no,no,-1,0,unknown,1,0.3595729902357048,True,445
31018,66,unemployed,single,primary,no,1323,no,no,-1,0,unknown,0,0.3590749951008783,True,446
45170,19,student,single,primary,no,245,no,no,110,2,other,0,0.3588561466850723,True,447
43989,42,technician,divorced,tertiary,no,2611,yes,no,389,3,failure,1,0.3588216245289138,True,448
40759,80,retired,married,unknown,no,355,no,no,-1,0,unknown,0,0.3568050578605993,True,449
38481,28,technician,single,tertiary,no,372,yes,yes,294,2,success,0,0.35665685051018786,True,450
42958,36,technician,single,secondary,no,27,yes,no,260,2,success,1,0.35601221500344044,True,451
43527,76,retired,married,secondary,no,820,no,no,-1,0,unknown,1,0.35503110427922324,True,452
37574,36,admin.,divorced,secondary,no,437,yes,no,344,1,success,1,0.3548343241081517,True,453
31259,25,unemployed,single,secondary,no,771,no,no,-1,0,unknown,0,0.35476881774028746,True,454
30791,19,student,single,unknown,no,1169,no,no,-1,0,unknown,0,0.35472563812847957,True,455
40803,22,student,single,unknown,no,1215,no,no,-1,0,unknown,0,0.35472563812847957,True,456
31376,24,admin.,single,secondary,no,493,no,no,-1,0,unknown,0,0.35455001498112637,True,457
32168,54,blue-collar,divorced,primary,no,2656,yes,no,320,2,success,0,0.35442051546669345,True,458
42780,68,retired,single,primary,no,363,no,no,-1,0,unknown,0,0.3541575127793586,True,459
43516,25,student,single,unknown,no,722,no,no,-1,0,unknown,1,0.3540320627822621,True,460
40555,22,student,single,secondary,no,185,no,no,-1,0,unknown,1,0.35323465609882054,True,461
39914,24,student,single,secondary,no,228,no,no,-1,0,unknown,0,0.35323465609882054,True,462
41433,24,student,single,secondary,no,154,no,no,-1,0,unknown,0,0.35323465609882054,True,463
40635,21,student,single,secondary,no,216,no,no,-1,0,unknown,1,0.35323465609882054,True,464
34394,20,student,single,secondary,no,130,no,no,-1,0,unknown,0,0.35323465609882054,True,465
31141,21,student,single,secondary,no,164,no,no,-1,0,unknown,0,0.35323465609882054,True,466
44034,50,technician,married,tertiary,no,5114,no,no,153,2,other,0,0.35223446599152014,True,467
44243,41,blue-collar,married,primary,no,178,yes,no,791,1,failure,0,0.35216544913903475,True,468
44733,24,student,single,secondary,no,689,no,no,-1,0,unknown,1,0.3519086964585913,True,469
43492,21,student,single,secondary,no,546,no,no,-1,0,unknown,0,0.3519086964585913,True,470
41372,21,student,single,secondary,no,557,no,no,-1,0,unknown,0,0.3519086964585913,True,471
42488,19,student,single,secondary,no,526,no,no,-1,0,unknown,0,0.3519086964585913,True,472
44036,44,blue-collar,single,secondary,no,276,yes,no,411,6,failure,0,0.3514340598017396,True,473
43469,25,blue-collar,single,primary,no,4599,no,no,-1,0,unknown,0,0.35081252726066287,True,474
44932,71,retired,married,secondary,no,1696,no,no,-1,0,unknown,1,0.35075538024466973,True,475
40910,80,retired,married,secondary,no,1610,no,no,-1,0,unknown,0,0.35075538024466973,True,476
41129,71,retired,married,unknown,no,1741,no,no,-1,0,unknown,0,0.35075538024466973,True,477
39533,24,self-employed,single,unknown,no,1179,no,no,105,1,failure,0,0.35068783577866414,True,478
40552,24,blue-collar,single,secondary,no,9883,no,no,-1,0,unknown,1,0.35052808619164366,True,479
44154,63,retired,married,tertiary,no,4692,yes,no,181,2,failure,0,0.35021113140233173,True,480
31116,75,retired,married,primary,no,358,no,no,-1,0,unknown,1,0.3493989559156952,True,481
40524,79,retired,married,primary,no,429,no,no,-1,0,unknown,1,0.3493989559156952,True,482
41469,78,retired,married,primary,no,301,no,no,-1,0,unknown,0,0.3493989559156952,True,483
41706,19,student,single,secondary,no,55,no,no,193,1,other,0,0.3486923654555069,True,484
43756,37,management,married,tertiary,no,3236,no,no,202,5,other,1,0.3477784809614751,True,485
42623,66,self-employed,married,tertiary,no,147,no,no,-1,0,unknown,1,0.3471870604340051,True,486
29385,65,retired,married,tertiary,no,162,no,no,-1,0,unknown,0,0.3471870604340051,True,487
41320,62,unemployed,married,secondary,no,780,no,no,-1,0,unknown,1,0.34716124512356933,True,488
37698,38,technician,single,secondary,no,1211,yes,no,358,1,success,0,0.34665362987129655,True,489
39848,34,management,divorced,tertiary,no,2466,no,no,281,5,other,0,0.3461299241922617,True,490
43891,31,management,married,tertiary,no,877,no,no,93,7,other,1,0.3456165523887435,True,491
44367,34,management,single,tertiary,no,275,no,no,455,23,other,1,0.34411537782096224,True,492
37079,33,blue-collar,married,secondary,no,1905,yes,no,301,2,success,0,0.3441006450470992,True,493
41882,72,retired,married,primary,no,806,no,no,-1,0,unknown,0,0.3428833955116632,True,494
43666,78,retired,married,primary,no,832,no,no,-1,0,unknown,0,0.3428833955116632,True,495
41352,73,retired,married,secondary,no,250,no,no,-1,0,unknown,0,0.34265058519916614,True,496
34675,19,student,single,secondary,no,291,no,no,-1,0,unknown,0,0.34235392201990583,True,497
43448,25,student,single,tertiary,no,293,no,no,-1,0,unknown,0,0.3410502602755198,True,498
39605,25,student,single,tertiary,no,326,no,no,-1,0,unknown,1,0.3410502602755198,True,499
35476,27,student,single,secondary,no,8366,no,no,349,1,other,0,0.3409023261301477,True,500
33295,26,blue-collar,single,primary,no,52,yes,no,300,2,success,0,0.3405064072066222,True,501
27338,38,technician,married,secondary,no,1,yes,no,199,1,success,0,0.3400575331553663,True,502
40978,77,retired,married,secondary,no,610,no,no,-1,0,unknown,0,0.33878359174936673,True,503
40710,77,retired,married,secondary,no,638,no,no,-1,0,unknown,1,0.33878359174936673,True,504
32009,80,retired,married,primary,no,1861,no,no,-1,0,unknown,0,0.3386771473738879,True,505
43154,74,retired,married,primary,no,1413,no,no,-1,0,unknown,1,0.3386771473738879,True,506
40275,25,services,single,secondary,no,505,no,no,-1,0,unknown,1,0.33801363532378326,True,507
40467,24,management,single,tertiary,no,172,no,no,-1,0,unknown,0,0.3378462192910208,True,508
40987,76,retired,married,primary,no,3324,no,no,192,1,failure,1,0.3365753975871214,True,509
43622,70,retired,married,primary,no,4982,no,no,-1,0,unknown,0,0.3365057076257173,True,510
43314,70,retired,married,primary,no,3782,no,no,-1,0,unknown,0,0.3365057076257173,True,511
33824,65,retired,married,primary,no,3629,no,no,-1,0,unknown,1,0.3365057076257173,True,512
33455,73,retired,married,primary,no,253,no,no,-1,0,unknown,1,0.3353850855072181,True,513
42374,77,retired,married,primary,no,680,no,no,94,3,failure,0,0.3351945456549204,True,514
40782,63,retired,married,unknown,no,538,no,no,-1,0,unknown,0,0.3347050940184808,True,515
31280,21,blue-collar,single,secondary,no,682,no,no,-1,0,unknown,1,0.3344860673178845,True,516
40304,20,student,single,unknown,no,457,no,no,-1,0,unknown,0,0.33426360802688454,True,517
41930,19,student,single,secondary,no,329,no,no,-1,0,unknown,1,0.33426360802688454,True,518
44819,58,management,divorced,unknown,no,2986,no,no,91,5,other,1,0.33425173680247716,True,519
42761,61,retired,married,secondary,no,89,no,no,92,3,failure,0,0.3330179144583048,True,520
31433,25,management,single,tertiary,no,316,no,no,-1,0,unknown,1,0.3324087901700989,True,521
44603,20,student,single,primary,no,825,no,no,-1,0,unknown,0,0.33215790502297704,True,522
31094,63,retired,married,secondary,no,1612,no,no,-1,0,unknown,1,0.331800617329802,True,523
40921,64,retired,married,secondary,no,1370,no,no,-1,0,unknown,0,0.331800617329802,True,524
41383,63,retired,married,unknown,no,1849,no,no,-1,0,unknown,0,0.331800617329802,True,525
42262,64,retired,married,secondary,no,2031,no,no,-1,0,unknown,0,0.331800617329802,True,526
28965,62,retired,married,secondary,no,1495,no,no,-1,0,unknown,1,0.331800617329802,True,527
39448,32,technician,married,tertiary,no,8023,no,no,97,1,other,0,0.33156818998206816,True,528
43169,67,retired,married,primary,no,8465,no,no,-1,0,unknown,0,0.33011777277173077,True,529
16546,29,technician,single,tertiary,no,2485,no,no,-1,0,unknown,0,0.32929857727967987,True,530
40886,61,management,single,tertiary,no,2,no,no,114,3,failure,1,0.3292031992209859,True,531
40244,40,self-employed,single,tertiary,no,10346,no,no,207,1,other,1,0.3287105524137133,True,532
27715,23,unemployed,single,primary,no,1003,no,no,-1,0,unknown,1,0.3282007271957378,True,533
40690,46,management,married,tertiary,no,4693,no,yes,394,2,failure,1,0.3280432801371273,True,534
31542,24,student,single,primary,no,1283,no,no,-1,0,unknown,0,0.3274911425460593,True,535
44132,66,retired,divorced,unknown,no,53,no,no,-1,0,unknown,1,0.3272989053776236,True,536
44588,23,admin.,single,secondary,no,366,no,no,-1,0,unknown,0,0.32703449171706767,True,537
31188,66,retired,married,secondary,no,995,no,no,-1,0,unknown,1,0.32680345889291185,True,538
43264,51,admin.,divorced,tertiary,no,66,yes,no,478,2,failure,0,0.32554129629220774,True,539
40123,23,admin.,single,tertiary,no,230,no,no,-1,0,unknown,0,0.32551097373172705,True,540
29221,61,housemaid,single,unknown,no,893,no,no,-1,0,unknown,0,0.3254495784138626,True,541
43583,63,retired,married,primary,no,12067,no,no,191,1,failure,1,0.32442693804900946,True,542
42279,61,retired,married,primary,no,2863,no,no,-1,0,unknown,0,0.32441957623465345,True,543
42205,70,retired,married,secondary,no,1164,no,no,-1,0,unknown,0,0.32269759863390274,True,544
41310,66,retired,married,secondary,no,2048,no,no,-1,0,unknown,1,0.32269759863390274,True,545
16183,61,retired,married,secondary,no,479,no,no,-1,0,unknown,0,0.3226521850619764,True,546
28737,27,unemployed,single,tertiary,no,3060,no,no,-1,0,unknown,0,0.32263133827070506,True,547
34028,26,unemployed,single,tertiary,no,3511,no,no,-1,0,unknown,1,0.32263133827070506,True,548
42328,63,retired,married,secondary,no,708,no,no,-1,0,unknown,0,0.3221837779744376,True,549
41819,81,retired,divorced,primary,no,0,no,no,-1,0,unknown,0,0.3217818389576398,True,550
32099,65,management,married,secondary,no,587,no,no,-1,0,unknown,1,0.32134432994168854,True,551
41518,31,management,single,tertiary,no,12569,no,no,295,1,failure,1,0.32130609270575594,True,552
31060,26,technician,single,tertiary,no,11862,no,no,-1,0,unknown,1,0.3210743763470479,True,553
30599,30,unemployed,single,tertiary,no,306,no,no,256,14,failure,0,0.32077271851185024,True,554
43110,29,self-employed,single,tertiary,no,805,no,no,103,7,failure,1,0.3203504164768012,True,555
41708,77,retired,married,primary,no,121,no,no,-1,0,unknown,0,0.319967894608212,True,556
41792,76,retired,married,primary,no,163,no,no,-1,0,unknown,0,0.319967894608212,True,557
43762,61,technician,married,secondary,no,1191,no,no,-1,0,unknown,1,0.31980202369493077,True,558
30336,27,admin.,single,secondary,no,424,no,no,189,13,other,0,0.3197774688010096,True,559
44381,38,technician,single,tertiary,no,1727,no,no,185,6,other,0,0.31976503744491397,True,560
40155,25,management,single,tertiary,no,289,no,no,-1,0,unknown,0,0.318742513816135,True,561
41149,49,technician,single,secondary,no,9131,yes,no,461,5,failure,1,0.31700291406572956,True,562
41635,77,retired,divorced,secondary,no,0,no,no,-1,0,unknown,1,0.3167881526877426,True,563
44639,29,blue-collar,married,secondary,no,3310,no,no,91,4,failure,0,0.31650948440792026,True,564
41697,26,admin.,single,secondary,no,125,no,no,63,7,failure,0,0.3164627263195187,True,565
43565,61,retired,married,secondary,no,1058,no,no,-1,0,unknown,1,0.31633863861851835,True,566
43216,26,student,single,secondary,no,5296,no,no,205,1,failure,1,0.3160033561066956,True,567
44238,29,admin.,single,secondary,no,854,no,no,95,1,other,0,0.31512599703279426,True,568
39585,25,admin.,single,tertiary,no,220,no,no,-1,0,unknown,0,0.3139341960042755,True,569
41520,69,retired,married,secondary,no,745,no,no,-1,0,unknown,0,0.31322092329585455,True,570
34059,23,technician,single,unknown,no,314,no,no,-1,0,unknown,0,0.3111627695074055,True,571
45085,25,technician,single,secondary,no,325,no,no,-1,0,unknown,1,0.3111627695074055,True,572
39604,21,technician,single,unknown,no,360,no,no,-1,0,unknown,1,0.3111627695074055,True,573
44595,21,student,single,primary,no,281,no,no,-1,0,unknown,0,0.31062032084109403,True,574
37320,34,blue-collar,married,secondary,no,0,yes,no,357,3,success,0,0.31031738222062005,True,575
40864,74,retired,married,tertiary,no,20422,no,no,-1,0,unknown,0,0.30984838296044037,True,576
40760,46,blue-collar,married,secondary,no,4855,yes,no,397,1,failure,0,0.3097054608749264,True,577
42896,76,retired,married,tertiary,no,0,no,no,169,1,failure,0,0.3088114646932806,True,578
44336,32,management,married,tertiary,no,6138,no,no,90,9,failure,1,0.3087935574743009,True,579
40528,52,technician,married,tertiary,no,2557,no,no,156,1,other,1,0.30846575241032853,True,580
43275,29,management,single,tertiary,no,1351,no,no,91,1,failure,0,0.30824150952481383,True,581
44019,22,housemaid,single,secondary,no,1796,no,no,-1,0,unknown,1,0.3080339585158455,True,582
44370,76,housemaid,married,primary,no,1483,no,no,-1,0,unknown,0,0.3079819397218246,True,583
40255,29,management,single,tertiary,no,4694,no,no,-1,0,unknown,0,0.3061987215066146,True,584
8256,29,technician,single,tertiary,no,2998,no,no,-1,0,unknown,0,0.30502454876143015,True,585
41163,26,management,single,tertiary,no,3704,no,no,-1,0,unknown,1,0.3038776241970304,True,586
42704,28,management,single,tertiary,no,3053,no,no,-1,0,unknown,0,0.3038776241970304,True,587
36171,49,blue-collar,divorced,primary,no,24,yes,no,362,1,success,1,0.30327025822697773,True,588
42832,65,retired,married,secondary,no,23421,no,no,-1,0,unknown,0,0.3027119896669663,True,589
28093,26,technician,single,tertiary,no,4130,no,no,-1,0,unknown,0,0.30270846871298984,True,590
40850,27,student,single,tertiary,no,5291,no,no,-1,0,unknown,0,0.30270846871298984,True,591
31776,27,student,single,tertiary,no,3687,no,no,-1,0,unknown,0,0.30270846871298984,True,592
29418,26,services,single,tertiary,no,2803,no,no,-1,0,unknown,0,0.30270846871298984,True,593
39465,26,student,single,tertiary,no,5741,no,no,-1,0,unknown,0,0.30270846871298984,True,594
16311,25,technician,single,tertiary,no,148,no,no,-1,0,unknown,0,0.3025718663473393,True,595
40515,81,management,married,tertiary,no,0,no,no,-1,0,unknown,0,0.30208052088264037,True,596
43009,75,retired,married,secondary,no,291,no,no,183,1,failure,1,0.3015087803626728,True,597
31395,83,retired,divorced,primary,no,46,no,no,-1,0,unknown,1,0.3010558571288162,True,598
27749,26,management,single,tertiary,no,2725,no,no,-1,0,unknown,0,0.2997073995784522,True,599
40363,83,retired,married,primary,no,425,no,no,140,1,failure,1,0.2977999090704001,True,600
41721,61,retired,married,secondary,no,286,no,no,-1,0,unknown,0,0.2968827096162726,True,601
39547,58,technician,married,secondary,no,3399,no,no,97,7,other,1,0.2967694633873896,True,602
44631,65,retired,married,primary,no,308,no,no,-1,0,unknown,1,0.29579219015028996,True,603
44825,66,retired,married,primary,no,388,no,no,-1,0,unknown,0,0.29579219015028996,True,604
41041,68,retired,married,primary,no,2301,no,no,120,1,failure,0,0.29499002557988396,True,605
35429,32,blue-collar,single,primary,no,216,yes,no,351,1,success,0,0.29419518744524015,True,606
43510,31,admin.,divorced,secondary,no,2980,no,no,292,2,other,0,0.29402660129731445,True,607
44419,32,management,married,tertiary,no,1812,no,no,182,4,other,1,0.2936235321393446,True,608
41387,82,retired,married,primary,no,103,no,no,-1,0,unknown,0,0.2932899558759327,True,609
44899,77,retired,married,tertiary,no,0,no,no,-1,0,unknown,0,0.29230595617222427,True,610
40751,33,management,married,tertiary,no,22867,yes,no,440,2,failure,0,0.2922235857326116,True,611
41406,83,retired,divorced,primary,no,0,no,no,-1,0,unknown,0,0.29185164033571354,True,612
43148,59,technician,married,secondary,no,7766,yes,no,461,1,failure,1,0.2909700130472732,True,613
34260,31,management,single,tertiary,no,6495,no,no,35,3,failure,0,0.29070137282155595,True,614
43376,28,admin.,single,tertiary,no,832,no,no,342,1,failure,1,0.28927775782886267,True,615
44432,34,technician,married,secondary,no,0,yes,no,2,3,success,1,0.28876963084217067,True,616
43145,33,technician,married,tertiary,no,8023,no,no,87,4,failure,0,0.2886904806695631,True,617
41543,72,retired,married,secondary,no,17739,no,no,-1,0,unknown,0,0.2884365610211317,True,618
41568,28,management,single,tertiary,no,2380,no,no,-1,0,unknown,0,0.2882596307763134,True,619
41366,37,unemployed,married,tertiary,no,7620,no,no,98,3,failure,0,0.2871150938715367,True,620
43272,26,admin.,single,tertiary,no,3730,yes,no,98,4,other,0,0.2867831052835618,True,621
41081,32,management,single,tertiary,no,12607,no,no,84,1,failure,0,0.28639952884484066,True,622
29382,65,retired,married,primary,no,1343,no,no,-1,0,unknown,0,0.28599227013565043,True,623
30405,29,services,single,secondary,no,612,no,no,198,5,other,0,0.28579110661712714,True,624
39435,29,management,single,tertiary,no,7578,no,no,-1,0,unknown,0,0.2855393595405125,True,625
26988,40,services,married,secondary,no,10406,no,no,127,4,other,0,0.28500776065750244,True,626
32014,24,technician,single,secondary,no,139,no,no,-1,0,unknown,0,0.28354877980702403,True,627
43333,35,technician,single,secondary,no,1227,no,no,90,6,other,1,0.28340169760106204,True,628
44877,28,management,single,tertiary,no,6551,no,no,-1,0,unknown,1,0.28331091848677165,True,629
32055,62,retired,married,primary,no,1084,no,no,-1,0,unknown,1,0.2827428360792585,True,630
34142,29,management,single,tertiary,no,2753,no,no,-1,0,unknown,1,0.28264767940398255,True,631
43437,31,management,single,tertiary,no,3289,no,no,314,1,failure,0,0.28251427267674145,True,632
42438,29,student,single,secondary,no,314,no,no,116,4,failure,1,0.28108131758755334,True,633
41534,62,retired,married,primary,no,383,no,no,-1,0,unknown,0,0.28107466156653943,True,634
26714,30,technician,single,tertiary,no,2784,no,no,-1,0,unknown,0,0.2806694917118371,True,635
12665,25,blue-collar,single,secondary,no,192,no,no,-1,0,unknown,0,0.2803488990106452,True,636
40647,20,student,married,unknown,no,292,no,no,93,1,failure,1,0.27940838194224044,True,637
34369,31,admin.,single,secondary,no,690,no,no,87,12,failure,0,0.2790407819145147,True,638
43653,77,unknown,married,unknown,no,397,no,no,-1,0,unknown,1,0.2780320887288194,True,639
42729,40,admin.,married,tertiary,no,1108,no,no,92,5,failure,0,0.2778782043166644,True,640
41996,66,retired,married,primary,no,747,no,no,-1,0,unknown,0,0.27715243365539316,True,641
40564,19,student,single,primary,no,103,no,no,-1,0,unknown,1,0.277040405799608,True,642
42097,20,student,single,primary,no,0,no,no,182,4,failure,0,0.2764077521759455,True,643
41082,33,unemployed,single,tertiary,no,1974,no,no,191,1,failure,1,0.2755188513755604,True,644
44511,62,blue-collar,married,secondary,no,272,no,no,286,2,failure,1,0.27514427480229064,True,645
35463,24,management,single,tertiary,no,1085,no,yes,-1,0,unknown,0,0.2750179084864982,True,646
40437,28,management,single,tertiary,no,9314,no,no,-1,0,unknown,1,0.2729291737954114,True,647
13176,26,management,single,tertiary,no,8303,no,no,-1,0,unknown,0,0.2729291737954114,True,648
24943,35,management,married,tertiary,no,1041,no,no,120,3,other,0,0.27272492036485785,True,649
43152,70,management,married,secondary,no,4,no,no,125,4,failure,0,0.27246662706967484,True,650
41933,31,blue-collar,single,unknown,no,6281,no,no,128,3,other,1,0.27233696249816136,True,651
34191,40,management,married,tertiary,no,7780,no,no,355,1,other,0,0.27223864603964937,True,652
42362,28,student,single,secondary,no,1925,no,no,97,2,failure,1,0.2718197555025684,True,653
41418,62,management,married,tertiary,no,0,no,no,-1,0,unknown,1,0.2715454334713473,True,654
44316,82,housemaid,divorced,primary,no,1381,no,no,181,4,failure,1,0.2702010846670372,True,655
44184,36,blue-collar,single,tertiary,no,1830,no,no,181,6,failure,0,0.26982680122086905,True,656
43795,33,management,single,tertiary,no,9317,no,no,205,3,failure,0,0.2691162221779711,True,657
31554,61,technician,married,tertiary,no,0,no,no,-1,0,unknown,0,0.26904277690268774,True,658
42308,26,student,single,secondary,no,203,no,no,196,1,failure,0,0.26894633278300645,True,659
42984,70,retired,married,primary,no,579,no,no,181,1,failure,0,0.2676797401253033,True,660
45080,27,student,single,secondary,no,1164,no,no,104,2,failure,0,0.2674810153905447,True,661
30963,49,unemployed,single,tertiary,no,631,no,no,12,1,other,0,0.26710328641779657,True,662
43382,31,management,single,tertiary,no,9629,no,no,174,4,failure,0,0.26508792825027966,True,663
44408,30,services,single,tertiary,no,1788,no,no,181,2,failure,1,0.26472245360618923,True,664
41494,32,management,single,tertiary,no,2915,no,no,131,2,failure,1,0.2646458366236177,True,665
34362,25,unemployed,married,secondary,no,715,no,no,-1,0,unknown,0,0.2633578825562097,True,666
11594,39,services,single,secondary,no,2453,no,no,-1,0,unknown,0,0.263133803693514,True,667
30324,26,entrepreneur,single,tertiary,no,725,no,no,189,29,other,1,0.26308857384165685,True,668
41193,62,self-employed,divorced,secondary,no,0,yes,no,-1,0,unknown,1,0.2630244686416141,True,669
42826,36,admin.,single,tertiary,no,980,no,no,95,2,failure,0,0.26216085184765964,True,670
39996,30,management,single,tertiary,no,3340,no,no,-1,0,unknown,1,0.26212260645283314,True,671
26494,30,management,single,tertiary,no,4091,no,no,-1,0,unknown,0,0.26212260645283314,True,672
40781,23,student,single,tertiary,no,0,no,no,-1,0,unknown,1,0.26207017902065693,True,673
43020,47,blue-collar,married,secondary,no,3715,no,no,182,4,other,1,0.26180313696799634,True,674
42484,40,management,single,tertiary,no,3797,no,no,195,2,failure,0,0.26109703045081356,True,675
39818,30,self-employed,single,tertiary,no,3343,no,no,-1,0,unknown,1,0.2610538557255061,True,676
41024,30,student,single,tertiary,no,3115,no,no,-1,0,unknown,0,0.2610538557255061,True,677
29324,70,management,married,tertiary,no,13297,no,no,-1,0,unknown,0,0.2585208804627003,True,678
42863,77,retired,married,unknown,no,38,no,no,-1,0,unknown,0,0.2581950178703642,True,679
42175,60,self-employed,married,tertiary,no,10861,no,no,91,2,failure,1,0.25739499221431794,True,680
41974,70,unknown,married,tertiary,no,353,no,no,-1,0,unknown,0,0.25697396793314087,True,681
44883,36,self-employed,married,tertiary,no,980,no,no,53,8,failure,0,0.2568897481705267,True,682
45205,25,technician,single,secondary,no,505,no,yes,-1,0,unknown,1,0.2568379617516651,True,683
29437,25,technician,single,secondary,no,582,no,yes,-1,0,unknown,0,0.2568379617516651,True,684
44770,37,services,single,tertiary,no,1189,no,no,199,4,other,1,0.2555290695369779,True,685
31662,37,technician,single,tertiary,no,3943,no,no,138,1,failure,1,0.25509433744897386,True,686
44071,45,management,married,secondary,no,2897,no,no,88,5,failure,0,0.25497587031173785,True,687
40121,20,admin.,single,secondary,no,336,no,yes,-1,0,unknown,0,0.2534532135176555,True,688
43641,37,technician,married,tertiary,no,88,no,no,90,3,other,1,0.2523972734269011,True,689
44076,32,student,single,secondary,no,61,no,yes,515,7,failure,0,0.25227537490587937,True,690
42487,35,management,married,tertiary,no,3402,no,no,194,2,failure,0,0.2519218142791277,True,691
44924,35,blue-collar,married,secondary,no,137,no,yes,808,12,failure,0,0.25175532034244236,True,692
41854,65,retired,married,primary,no,493,no,no,182,1,failure,0,0.2515286164476815,True,693
42414,31,student,single,unknown,no,988,no,no,191,11,other,0,0.25051234743540574,True,694
26207,30,management,married,tertiary,no,196,no,no,101,4,other,0,0.2500579594816941,True,695
26799,39,management,single,tertiary,no,889,no,no,185,4,failure,0,0.2500495253408123,True,696
43743,38,blue-collar,married,secondary,no,4321,no,no,85,6,failure,0,0.24977441482589585,True,697
30995,27,management,single,unknown,no,3196,no,no,-1,0,unknown,0,0.2492466943590399,True,698
41457,62,unknown,married,secondary,no,367,no,no,189,5,failure,0,0.24800405399996847,True,699
31859,58,retired,divorced,tertiary,no,5253,no,no,295,3,failure,0,0.24789756341746136,True,700
31546,26,student,single,tertiary,no,193,no,no,-1,0,unknown,0,0.24768584797960524,True,701
37627,28,student,single,tertiary,no,170,no,no,-1,0,unknown,0,0.24768584797960524,True,702
28868,53,technician,married,tertiary,no,2336,no,no,2,3,other,0,0.2476592937857536,True,703
27177,31,management,married,tertiary,no,4148,yes,no,99,9,other,1,0.24693033100441944,True,704
42390,28,admin.,married,secondary,no,330,no,no,188,3,other,1,0.2464176057279599,True,705
34204,20,student,married,unknown,no,292,no,no,-1,0,unknown,0,0.2461207675971608,True,706
24071,28,student,single,secondary,no,2351,no,no,-1,0,unknown,1,0.2457110464041227,True,707
39780,26,management,single,secondary,no,2613,no,no,-1,0,unknown,1,0.2455617213539515,True,708
41897,31,unemployed,single,secondary,no,8304,no,no,183,1,failure,0,0.24518089547018004,True,709
44122,29,student,married,unknown,no,2229,no,no,252,1,other,0,0.2450164708920133,True,710
43858,29,blue-collar,married,secondary,no,3310,no,no,117,2,failure,0,0.2445680202492414,True,711
40318,27,technician,single,secondary,no,2731,no,no,-1,0,unknown,0,0.24453811638757786,True,712
44528,34,technician,single,secondary,no,1313,no,no,21,6,failure,0,0.2444814173252925,True,713
42671,64,housemaid,married,primary,no,768,no,no,-1,0,unknown,1,0.24347925173728024,True,714
19340,30,management,single,tertiary,no,7788,no,no,-1,0,unknown,0,0.24339382232027978,True,715
27728,28,admin.,single,secondary,no,6100,no,no,-1,0,unknown,0,0.24336781777570984,True,716
44410,78,retired,married,unknown,no,38,no,no,1,3,other,0,0.24240940356035234,True,717
20136,30,student,single,tertiary,no,7513,no,no,-1,0,unknown,0,0.24237635087041373,True,718
41894,30,student,single,tertiary,no,7529,no,no,-1,0,unknown,1,0.24237635087041373,True,719
27368,43,management,single,tertiary,no,146,no,no,113,5,other,0,0.242191285054301,True,720
42044,72,retired,married,secondary,no,0,no,no,-1,0,unknown,1,0.24211218861089037,True,721
42451,34,management,married,tertiary,no,250,no,no,188,8,other,0,0.24159734416114095,True,722
44444,56,management,divorced,tertiary,no,2037,no,no,91,6,failure,1,0.2414729483869361,True,723
41448,74,retired,married,primary,no,0,no,no,-1,0,unknown,0,0.24126246783859984,True,724
43419,50,unemployed,married,tertiary,no,377,no,no,319,3,failure,0,0.24110240725969406,True,725
42417,28,student,single,unknown,no,78,no,no,310,2,failure,1,0.24043661085296758,True,726
41593,28,technician,single,tertiary,no,865,no,no,-1,0,unknown,0,0.2392388566757987,True,727
31448,26,admin.,married,tertiary,no,2855,no,no,-1,0,unknown,0,0.2390702076789754,True,728
44754,33,unemployed,single,secondary,no,2066,no,yes,749,2,failure,1,0.23878106613291064,True,729
43217,33,management,married,tertiary,no,1390,no,no,179,5,failure,0,0.23877419801495808,True,730
17472,29,management,single,tertiary,no,1895,no,no,-1,0,unknown,0,0.23839704158518815,True,731
28657,29,management,single,tertiary,no,1218,no,no,-1,0,unknown,0,0.23839704158518815,True,732
25579,49,management,married,tertiary,no,6613,no,no,155,3,failure,0,0.23827783305163855,True,733
44550,29,self-employed,single,tertiary,no,814,no,no,-1,0,unknown,1,0.2373939044865013,True,734
42012,29,services,single,tertiary,no,1788,no,no,-1,0,unknown,1,0.2373939044865013,True,735
28833,26,technician,single,tertiary,no,152,no,no,2,1,other,0,0.2373768622221824,True,736
44472,31,blue-collar,single,secondary,no,228,no,no,88,4,other,1,0.23722718527726613,True,737
29709,26,management,single,tertiary,no,1837,no,no,-1,0,unknown,0,0.23641477179967477,True,738
44854,55,management,divorced,tertiary,no,7010,no,no,195,2,failure,0,0.23639984836072395,True,739
41392,51,management,married,tertiary,no,2635,no,no,98,2,failure,1,0.23589382098823272,True,740
30435,27,management,single,tertiary,no,497,no,no,-1,0,unknown,0,0.23586796598776744,True,741
43798,29,student,single,tertiary,no,459,no,no,-1,0,unknown,0,0.23573539689073114,True,742
44332,35,unemployed,single,tertiary,no,154,no,no,181,2,failure,1,0.23570231069221534,True,743
41731,26,self-employed,single,tertiary,no,993,no,no,-1,0,unknown,0,0.23541739748703247,True,744
43478,26,technician,single,tertiary,no,1066,no,no,-1,0,unknown,1,0.23541739748703247,True,745
40238,26,self-employed,single,tertiary,no,1444,no,no,-1,0,unknown,0,0.23541739748703247,True,746
38194,38,housemaid,divorced,tertiary,no,4312,no,no,175,6,failure,0,0.23498440709764312,True,747
30508,28,technician,single,tertiary,no,676,no,no,-1,0,unknown,1,0.23487218894828818,True,748
43834,26,technician,single,tertiary,no,515,no,no,-1,0,unknown,1,0.23487218894828818,True,749
39574,26,self-employed,single,tertiary,no,560,no,no,-1,0,unknown,0,0.23487218894828818,True,750
41698,24,management,single,tertiary,no,0,no,no,-1,0,unknown,0,0.2338192343730492,True,751
45089,57,unemployed,divorced,primary,no,282,no,no,88,4,other,0,0.2334755007557674,True,752
43916,26,services,single,tertiary,no,12,no,no,181,10,failure,1,0.23319555083590401,True,753
41715,30,admin.,single,secondary,no,873,no,no,216,2,failure,0,0.23300725738749356,True,754
40701,41,admin.,married,tertiary,no,1536,no,no,95,2,failure,1,0.23299192061188082,True,755
42422,27,student,single,secondary,no,91,no,no,95,37,other,0,0.23274735585092313,True,756
39726,29,management,single,tertiary,no,559,no,no,-1,0,unknown,0,0.232571649291574,True,757
28650,29,management,single,tertiary,no,475,no,no,-1,0,unknown,0,0.232571649291574,True,758
42410,26,student,single,tertiary,no,294,no,no,-1,0,unknown,1,0.23234703164702092,True,759
30245,31,technician,single,tertiary,no,1109,no,no,167,2,failure,1,0.23168364806516537,True,760
38320,24,student,single,secondary,no,2,no,no,-1,0,unknown,0,0.23133899985963854,True,761
41993,22,student,single,secondary,no,23,no,no,-1,0,unknown,1,0.23133899985963854,True,762
34219,24,student,single,unknown,no,0,no,no,-1,0,unknown,0,0.23133899985963854,True,763
30803,22,student,single,secondary,no,0,no,no,-1,0,unknown,1,0.23133899985963854,True,764
2154,27,blue-collar,single,secondary,no,3675,no,no,-1,0,unknown,0,0.23096837869476058,True,765
42060,47,management,single,tertiary,no,159,no,no,155,3,other,1,0.2294536140162732,True,766
39815,46,admin.,divorced,secondary,no,2087,no,no,119,4,other,0,0.22908074749617222,True,767
21007,30,technician,single,secondary,no,2782,no,no,-1,0,unknown,0,0.22883931294836582,True,768
37759,31,technician,single,secondary,no,7567,no,no,276,2,failure,0,0.2280011551090135,True,769
41788,36,admin.,divorced,secondary,no,592,no,no,99,5,failure,1,0.22711838055254688,True,770
41293,64,retired,married,unknown,no,34,no,no,-1,0,unknown,1,0.22697596282995555,True,771
33889,30,services,single,tertiary,no,803,no,no,-1,0,unknown,0,0.22581263716517594,True,772
26666,40,management,divorced,tertiary,no,9541,no,no,189,1,failure,0,0.22556491218864375,True,773
30962,27,management,single,tertiary,no,406,no,no,-1,0,unknown,0,0.2255172389669621,True,774
30891,27,management,single,tertiary,no,317,no,no,-1,0,unknown,0,0.2255172389669621,True,775
40707,26,management,single,tertiary,no,390,no,no,-1,0,unknown,1,0.2255172389669621,True,776
43949,46,blue-collar,married,secondary,no,1723,no,no,52,7,failure,1,0.22542424939189035,True,777
42425,61,management,married,tertiary,no,0,yes,yes,-1,0,unknown,0,0.22537243164246276,True,778
44271,33,management,single,tertiary,no,307,no,no,179,4,failure,0,0.22511353901061307,True,779
39648,47,housemaid,single,secondary,no,17023,no,no,97,4,other,0,0.22486053022909674,True,780
31205,28,technician,single,tertiary,no,356,no,no,-1,0,unknown,0,0.2245523187504848,True,781
44645,59,management,married,tertiary,no,4606,no,no,189,2,failure,0,0.22448564703150406,True,782
44826,41,management,married,tertiary,no,0,no,no,63,11,other,1,0.22415548140504327,True,783
44362,46,unknown,married,tertiary,no,8564,no,no,342,1,failure,0,0.223304548342585,True,784
42770,32,admin.,single,tertiary,no,291,no,no,275,5,other,0,0.22316495937260727,True,785
41793,32,technician,married,tertiary,no,2688,no,no,57,1,failure,1,0.2227793045470918,True,786
33817,30,student,single,secondary,no,5836,no,no,-1,0,unknown,0,0.22222740561385745,True,787
13163,25,blue-collar,married,secondary,no,4280,no,yes,-1,0,unknown,0,0.2221399423196697,True,788
41333,35,technician,single,tertiary,no,7546,yes,no,88,2,other,0,0.2218893028078013,True,789
41975,59,retired,married,tertiary,no,1425,no,no,77,3,failure,0,0.22153664476267798,True,790
29573,29,self-employed,single,tertiary,no,300,no,no,-1,0,unknown,0,0.2213683284336765,True,791
29480,29,technician,single,tertiary,no,323,no,no,-1,0,unknown,0,0.2213683284336765,True,792
28206,29,self-employed,single,tertiary,no,415,no,no,-1,0,unknown,0,0.2213683284336765,True,793
34074,31,services,single,tertiary,no,620,no,no,87,1,failure,0,0.22109082615705772,True,794
44063,28,student,single,secondary,no,196,no,no,-1,0,unknown,1,0.22062140812865533,True,795
31425,27,student,single,secondary,no,213,no,no,-1,0,unknown,1,0.22062140812865533,True,796
44690,29,unemployed,single,unknown,no,1584,no,no,-1,0,unknown,1,0.22037796763373543,True,797
29641,27,unemployed,single,tertiary,no,127,no,no,-1,0,unknown,0,0.22015629776368123,True,798
43114,35,management,single,tertiary,no,747,no,no,176,3,failure,0,0.22014788181312614,True,799
40375,68,retired,married,secondary,no,0,no,no,-1,0,unknown,1,0.219802813425779,True,800
42648,40,management,married,tertiary,no,5142,no,no,224,1,failure,0,0.21968303183180796,True,801
3500,29,management,married,tertiary,no,10576,no,no,-1,0,unknown,1,0.2196172676514772,True,802
43836,26,unemployed,single,secondary,no,1064,no,no,-1,0,unknown,0,0.2185025408009365,True,803
40011,30,admin.,married,tertiary,no,4168,no,no,-1,0,unknown,0,0.21846189938692087,True,804
26726,34,management,married,tertiary,no,1433,no,no,104,3,failure,0,0.21750112818891199,True,805
41067,29,student,single,unknown,no,145,no,no,-1,0,unknown,0,0.21747752348718535,True,806
31113,31,services,single,tertiary,no,2332,no,no,-1,0,unknown,0,0.21733339062680043,True,807
35422,31,technician,single,secondary,no,1626,no,no,286,3,failure,0,0.21701555942506232,True,808
29293,26,technician,single,tertiary,no,15161,no,no,-1,0,unknown,1,0.21680719860811068,True,809
41136,79,housemaid,married,primary,no,0,no,no,-1,0,unknown,0,0.21661790600458591,True,810
26972,53,management,married,tertiary,no,1945,no,no,106,7,failure,0,0.21645401960889207,True,811
38587,39,technician,single,tertiary,no,1674,no,no,178,1,failure,0,0.2159546963413106,True,812
43141,25,services,single,secondary,no,94,no,no,-1,0,unknown,0,0.21578575324602486,True,813
43490,22,management,single,tertiary,no,104,no,yes,-1,0,unknown,1,0.21517088025757433,True,814
28678,36,self-employed,single,tertiary,no,583,no,no,235,1,other,0,0.21475531715662033,True,815
41339,62,retired,married,secondary,no,13,no,no,-1,0,unknown,0,0.21463884599705815,True,816
40601,62,retired,married,secondary,no,3,no,no,-1,0,unknown,0,0.21463884599705815,True,817
43997,27,student,single,secondary,no,833,no,no,-1,0,unknown,0,0.21439811350213447,True,818
13328,25,blue-collar,single,secondary,no,224,no,yes,-1,0,unknown,0,0.21393248186706734,True,819
40191,28,admin.,single,secondary,no,1448,no,no,-1,0,unknown,0,0.21279373522621417,True,820
39524,27,student,single,secondary,no,253,no,no,-1,0,unknown,1,0.2124835532525611,True,821
35590,26,student,single,secondary,no,279,no,no,-1,0,unknown,0,0.2124835532525611,True,822
29396,31,management,single,tertiary,no,3295,no,no,-1,0,unknown,0,0.21245518806497174,True,823
28629,28,admin.,single,secondary,no,775,no,no,-1,0,unknown,0,0.21228637396711914,True,824
44230,36,management,divorced,tertiary,no,1057,no,no,164,2,failure,1,0.21215759037104434,True,825
22140,30,management,married,tertiary,no,4948,no,no,-1,0,unknown,0,0.21160898534936198,True,826
21052,30,management,married,tertiary,no,4022,no,no,-1,0,unknown,0,0.21160898534936198,True,827
25982,31,self-employed,single,tertiary,no,3361,no,no,-1,0,unknown,0,0.2115308918352338,True,828
34288,19,student,single,primary,no,0,no,no,-1,0,unknown,0,0.21125497872511664,True,829
27129,47,blue-collar,married,secondary,no,2944,no,no,154,5,failure,0,0.21089253305430672,True,830
28481,26,student,single,secondary,no,1346,no,no,-1,0,unknown,0,0.21086346521570937,True,831
30344,60,unemployed,single,tertiary,no,361,no,no,-1,0,unknown,0,0.21075802242337563,True,832
30918,28,admin.,single,secondary,no,659,no,no,-1,0,unknown,0,0.21073580654378216,True,833
44082,32,management,single,tertiary,no,623,no,no,194,2,failure,1,0.2104041555410842,True,834
28129,26,student,single,secondary,no,782,no,no,-1,0,unknown,0,0.21035947642948863,True,835
42940,53,retired,married,secondary,no,4968,no,no,333,1,other,0,0.208933175968869,True,836
41157,57,retired,married,tertiary,no,1458,no,no,107,5,failure,0,0.20884312710897457,True,837
31100,26,student,single,secondary,no,620,no,no,-1,0,unknown,1,0.20881925228251544,True,838
28067,27,student,single,secondary,no,585,no,no,-1,0,unknown,0,0.20881925228251544,True,839
29226,28,student,single,secondary,no,689,no,no,-1,0,unknown,0,0.20881925228251544,True,840
40168,26,student,single,secondary,no,611,no,no,-1,0,unknown,0,0.20881925228251544,True,841
31279,26,student,single,unknown,no,598,no,no,-1,0,unknown,0,0.20881925228251544,True,842
40929,46,unemployed,married,secondary,no,1040,no,no,78,5,failure,0,0.20856969584742177,True,843
41017,35,admin.,single,tertiary,no,4233,no,no,-1,0,unknown,0,0.20839901210121342,True,844
39962,30,management,married,tertiary,no,2694,no,no,-1,0,unknown,0,0.2083260551824253,True,845
42290,33,admin.,married,secondary,no,920,no,no,95,2,failure,1,0.20723139673138016,True,846
32032,82,housemaid,married,primary,no,2140,no,no,-1,0,unknown,0,0.20683160103368223,True,847
43914,28,unemployed,single,secondary,no,304,no,no,-1,0,unknown,0,0.20667695829104912,True,848
16621,29,entrepreneur,divorced,tertiary,no,444,no,no,-1,0,unknown,0,0.2066005729300386,True,849
29890,26,student,single,secondary,no,334,no,no,-1,0,unknown,0,0.20649859962737246,True,850
38114,28,student,single,secondary,no,293,no,no,-1,0,unknown,0,0.20649859962737246,True,851
29056,28,student,single,secondary,no,330,no,no,-1,0,unknown,0,0.20649859962737246,True,852
43634,26,student,single,secondary,no,440,no,no,-1,0,unknown,0,0.20649859962737246,True,853
42211,35,management,single,tertiary,no,612,no,no,195,1,failure,0,0.20639524286207697,True,854
41328,34,technician,single,tertiary,no,612,no,no,95,1,failure,0,0.2063940279511677,True,855
26096,49,blue-collar,married,secondary,no,4259,no,no,111,7,failure,0,0.2063351589071631,True,856
14710,35,admin.,single,tertiary,no,2622,no,no,-1,0,unknown,0,0.20515292308333777,True,857
41667,54,management,single,tertiary,no,2081,no,no,108,1,failure,0,0.20504024339134744,True,858
42556,32,management,single,tertiary,no,623,no,no,203,1,failure,0,0.20437251768406248,True,859
39451,33,technician,single,secondary,no,2583,no,no,108,1,failure,0,0.2042811335671987,True,860
19461,37,admin.,single,tertiary,no,2505,no,no,-1,0,unknown,0,0.20427375567159253,True,861
44969,51,entrepreneur,divorced,tertiary,no,315,no,no,91,4,failure,0,0.2042495232663592,True,862
42133,36,self-employed,married,tertiary,no,506,no,no,70,2,failure,1,0.20391290017372868,True,863
31371,59,admin.,married,secondary,no,3735,no,no,121,2,failure,1,0.20373436990139773,True,864
5875,26,management,single,tertiary,no,205,no,no,-1,0,unknown,0,0.20326105536393801,True,865
40298,26,management,single,tertiary,no,170,no,no,-1,0,unknown,1,0.20326105536393801,True,866
28660,28,management,single,tertiary,no,185,no,no,-1,0,unknown,0,0.20326105536393801,True,867
28972,26,management,single,tertiary,no,212,no,no,-1,0,unknown,0,0.20326105536393801,True,868
41381,26,management,single,tertiary,no,200,no,no,-1,0,unknown,0,0.20326105536393801,True,869
41840,57,management,married,tertiary,no,1318,no,no,185,2,failure,1,0.20304005399467512,True,870
39191,43,services,single,secondary,no,-63,yes,no,374,1,other,0,0.2026470408563472,True,871
39910,29,technician,single,secondary,no,1165,no,no,-1,0,unknown,1,0.20257489108091234,True,872
43996,29,technician,single,secondary,no,825,no,no,-1,0,unknown,1,0.20257489108091234,True,873
43328,46,management,divorced,tertiary,no,624,no,no,276,1,other,1,0.2023695556384561,True,874
39960,27,technician,single,tertiary,no,200,no,no,-1,0,unknown,0,0.20236648041835487,True,875
28848,28,blue-collar,single,secondary,no,1285,no,no,2,17,other,0,0.2020456318427774,True,876
10839,60,retired,single,tertiary,no,568,no,no,-1,0,unknown,0,0.2019348409928606,True,877
34424,34,management,single,tertiary,no,26575,no,no,168,1,failure,0,0.20184475932574858,True,878
41249,37,management,married,tertiary,no,165,no,no,83,1,other,0,0.2017801640721203,True,879
17549,28,management,single,secondary,no,1154,no,no,-1,0,unknown,0,0.20170138595734305,True,880
41632,61,unemployed,married,primary,no,1,no,no,-1,0,unknown,0,0.20162983906313,True,881
20571,30,management,single,tertiary,no,812,no,no,-1,0,unknown,0,0.20124971016859824,True,882
20535,30,management,single,tertiary,no,1466,no,no,-1,0,unknown,0,0.20124971016859824,True,883
31310,24,admin.,single,tertiary,no,-61,no,no,-1,0,unknown,1,0.2008990955814767,True,884
45179,34,technician,married,secondary,no,1026,no,no,100,6,failure,0,0.2008406755628303,True,885
13481,28,services,single,secondary,no,1950,no,no,-1,0,unknown,0,0.20081194520397896,True,886
24082,26,services,single,secondary,no,1445,no,no,-1,0,unknown,1,0.20081194520397896,True,887
5855,26,technician,single,secondary,no,1256,no,no,-1,0,unknown,0,0.20081194520397896,True,888
29469,27,technician,single,secondary,no,1235,no,no,-1,0,unknown,0,0.20081194520397896,True,889
19848,35,management,single,tertiary,no,2975,no,no,-1,0,unknown,0,0.20063017672881864,True,890
20992,33,management,single,tertiary,no,3623,no,no,-1,0,unknown,0,0.20063017672881864,True,891
21612,33,management,single,tertiary,no,3655,no,no,-1,0,unknown,0,0.20063017672881864,True,892
19613,32,management,single,tertiary,no,4291,no,no,-1,0,unknown,1,0.20063017672881864,True,893
29207,33,management,single,tertiary,no,5437,no,no,-1,0,unknown,0,0.20063017672881864,True,894
44032,33,management,single,tertiary,no,3143,no,no,-1,0,unknown,1,0.20063017672881864,True,895
21244,36,management,single,tertiary,no,2944,no,no,-1,0,unknown,1,0.20063017672881864,True,896
22879,32,management,single,tertiary,no,3367,no,no,-1,0,unknown,0,0.20063017672881864,True,897
19756,30,services,single,tertiary,no,1785,no,no,-1,0,unknown,0,0.20036176126434468,True,898
19397,30,technician,single,tertiary,no,1081,no,no,-1,0,unknown,0,0.20036176126434468,True,899
26640,30,self-employed,single,tertiary,no,1259,no,no,-1,0,unknown,0,0.20036176126434468,True,900
30702,27,services,single,secondary,no,795,no,no,-1,0,unknown,0,0.20032588206245674,True,901
30929,29,management,single,tertiary,no,176,no,no,-1,0,unknown,0,0.20030097931038346,True,902
44022,60,retired,married,secondary,no,2060,no,no,95,4,failure,0,0.20026892779614963,True,903
41510,30,management,single,tertiary,no,147,no,no,100,1,failure,1,0.2001883988036953,True,904
34303,35,management,married,tertiary,no,93,no,no,88,1,other,0,0.1999237702617747,True,905
31513,36,technician,married,secondary,no,4613,no,no,134,2,failure,0,0.1998284039751064,True,906
39938,39,management,single,tertiary,no,3797,no,no,-1,0,unknown,0,0.19976552003880063,True,907
26220,37,management,single,tertiary,no,2875,no,no,-1,0,unknown,0,0.19976552003880063,True,908
26525,33,technician,single,tertiary,no,3827,no,no,-1,0,unknown,0,0.19974427774789139,True,909
27799,27,management,single,secondary,no,589,no,no,-1,0,unknown,0,0.1997235146959578,True,910
39880,28,management,single,unknown,no,560,no,no,-1,0,unknown,0,0.1997235146959578,True,911
43639,53,retired,married,secondary,no,4968,no,no,87,2,failure,0,0.199718100337654,True,912
20962,38,management,single,tertiary,no,2454,yes,no,-1,0,unknown,0,0.1997134689818112,True,913
30342,27,self-employed,single,secondary,no,923,no,no,-1,0,unknown,0,0.1995399526495109,True,914
40852,66,entrepreneur,married,primary,no,0,no,no,-1,0,unknown,0,0.19916765966372355,True,915
43940,39,technician,single,secondary,no,1435,no,no,296,19,other,1,0.1990283015401701,True,916
25314,38,services,married,secondary,no,4392,no,no,110,2,failure,0,0.1989663426247044,True,917
40096,38,services,single,tertiary,no,5265,no,no,-1,0,unknown,0,0.1988824891147165,True,918
10959,38,student,single,tertiary,no,3316,no,no,-1,0,unknown,1,0.1988824891147165,True,919
10080,27,technician,single,unknown,no,555,no,no,-1,0,unknown,0,0.1988406233128136,True,920
28370,26,unemployed,single,primary,no,1213,no,no,-1,0,unknown,0,0.19850927493942888,True,921
31755,30,management,married,tertiary,no,8623,no,no,-1,0,unknown,0,0.1984968419586754,True,922
21379,30,management,married,tertiary,no,10639,no,no,-1,0,unknown,0,0.1984968419586754,True,923
28469,28,blue-collar,single,secondary,no,1955,no,no,-1,0,unknown,0,0.19828734679480375,True,924
14974,29,admin.,single,secondary,no,454,no,no,-1,0,unknown,0,0.19826007188134415,True,925
42584,34,management,single,tertiary,no,2561,no,no,-1,0,unknown,0,0.19747491011127027,True,926
30215,35,management,single,tertiary,no,2707,no,no,-1,0,unknown,1,0.19747491011127027,True,927
23445,32,management,single,tertiary,no,2629,no,no,-1,0,unknown,0,0.19747491011127027,True,928
44075,29,technician,single,secondary,no,738,no,no,-1,0,unknown,0,0.19739796040611926,True,929
1233,61,blue-collar,married,primary,no,734,yes,no,-1,0,unknown,0,0.19685690604126363,True,930
41031,29,housemaid,single,tertiary,no,453,no,no,-1,0,unknown,0,0.19667493477632073,True,931
27406,32,admin.,married,tertiary,no,118,no,no,176,10,failure,0,0.1966323493704387,True,932
20793,34,technician,single,tertiary,no,2521,no,no,-1,0,unknown,0,0.19659951690568994,True,933
44176,34,technician,single,tertiary,no,2733,no,no,-1,0,unknown,1,0.19659951690568994,True,934
25071,52,admin.,divorced,secondary,no,2717,no,no,162,2,failure,0,0.19639671512888815,True,935
41068,26,blue-collar,single,secondary,no,535,no,no,-1,0,unknown,1,0.19633471979688918,True,936
20864,31,management,single,tertiary,no,6413,no,no,-1,0,unknown,0,0.19633092703797939,True,937
40279,26,admin.,married,secondary,no,1595,no,no,105,1,failure,1,0.19604530428202446,True,938
39591,26,admin.,married,unknown,no,4311,no,no,-1,0,unknown,0,0.19595858053364795,True,939
43632,33,blue-collar,single,secondary,no,228,no,no,89,4,failure,0,0.195304148916389,True,940
5944,30,unemployed,single,tertiary,no,306,no,no,-1,0,unknown,0,0.1946011889191238,True,941
40269,36,admin.,divorced,tertiary,no,4708,no,no,-1,0,unknown,0,0.1942805752656096,True,942
40503,32,management,single,tertiary,no,0,no,no,159,1,other,0,0.19410796757619053,True,943
28237,29,unemployed,single,primary,no,550,no,no,-1,0,unknown,1,0.19366884323372083,True,944
31351,37,services,single,secondary,no,1045,no,no,41,1,failure,1,0.1930216314326392,True,945
18947,41,management,single,tertiary,no,4477,no,no,-1,0,unknown,0,0.19284736285346524,True,946
41266,33,management,married,secondary,no,369,no,no,92,3,failure,0,0.19284021341558713,True,947
27497,34,management,single,tertiary,no,2343,no,no,-1,0,unknown,0,0.19271104297018565,True,948
44724,32,blue-collar,married,primary,no,1644,no,no,102,5,other,1,0.19261559131197092,True,949
26405,31,blue-collar,single,secondary,no,5607,no,no,184,1,failure,0,0.19253368436389603,True,950
42141,62,housemaid,married,secondary,no,2,no,no,-1,0,unknown,1,0.19202556181123165,True,951
41039,35,management,single,tertiary,no,18111,no,no,-1,0,unknown,1,0.19150231575366747,True,952
32158,38,technician,single,secondary,no,8381,no,no,145,1,failure,0,0.1908410529166856,True,953
40714,37,technician,married,secondary,no,318,no,no,95,4,other,0,0.19074050013572783,True,954
41809,66,housemaid,married,primary,no,40,no,no,-1,0,unknown,1,0.19070176265651,True,955
41033,33,admin.,married,secondary,no,1737,no,no,106,2,failure,0,0.19040220734407132,True,956
31197,30,unknown,single,tertiary,no,6836,no,no,-1,0,unknown,0,0.19032285128357343,True,957
29803,37,admin.,divorced,secondary,no,496,no,no,272,3,failure,0,0.1902580800082172,True,958
17706,45,management,single,tertiary,no,2532,no,no,-1,0,unknown,0,0.18978543510574905,True,959
43499,27,services,single,secondary,no,453,no,no,-1,0,unknown,1,0.18971137551023778,True,960
28125,31,management,single,tertiary,no,86,no,no,170,4,failure,0,0.18966965506020567,True,961
38087,52,management,married,tertiary,no,751,no,no,371,5,failure,0,0.1896512970268735,True,962
42402,39,services,married,secondary,no,323,no,no,182,3,other,0,0.18940227472284552,True,963
40225,52,management,married,tertiary,no,437,no,no,113,1,other,0,0.1892069318210859,True,964
42121,55,management,divorced,tertiary,no,2037,no,no,273,1,failure,1,0.18918590308691885,True,965
41780,48,technician,single,secondary,no,1245,no,no,134,1,other,0,0.18868326135759153,True,966
44360,35,self-employed,married,tertiary,no,980,no,no,336,6,failure,0,0.18861760790953966,True,967
21315,23,entrepreneur,married,tertiary,no,489,no,yes,-1,0,unknown,0,0.1884359896423292,True,968
27552,55,housemaid,divorced,tertiary,no,1241,no,no,154,5,failure,0,0.18810784351342444,True,969
40050,30,management,single,tertiary,no,596,no,no,-1,0,unknown,0,0.18795776561719488,True,970
41700,30,technician,single,tertiary,no,655,no,no,-1,0,unknown,1,0.187114724632383,True,971
23344,32,management,divorced,tertiary,no,4393,no,no,-1,0,unknown,0,0.18691378180569396,True,972
29809,30,admin.,single,tertiary,no,305,no,no,-1,0,unknown,1,0.1863493523265586,True,973
22733,56,management,single,tertiary,no,3694,no,no,-1,0,unknown,0,0.18611016572826847,True,974
24085,50,management,single,tertiary,no,3537,no,no,-1,0,unknown,1,0.18611016572826847,True,975
9114,38,management,divorced,tertiary,no,4207,no,no,-1,0,unknown,0,0.186094476984541,True,976
34313,32,self-employed,divorced,tertiary,no,3271,no,no,-1,0,unknown,1,0.18607435039208803,True,977
21993,30,technician,divorced,secondary,no,2403,no,no,-1,0,unknown,0,0.1858791033863417,True,978
41671,31,technician,single,secondary,no,2460,no,no,-1,0,unknown,0,0.18583094404519998,True,979
27399,37,entrepreneur,single,tertiary,no,65,no,no,113,4,failure,0,0.1854883187357021,True,980
29838,30,unemployed,single,secondary,no,1058,no,no,-1,0,unknown,0,0.18535505417050963,True,981
25842,55,retired,married,secondary,no,3948,no,no,170,2,failure,0,0.18535296419538652,True,982
39556,29,unknown,single,secondary,no,923,no,no,-1,0,unknown,0,0.18528905733863762,True,983
12031,54,technician,single,tertiary,no,3233,no,no,-1,0,unknown,0,0.18527352098763059,True,984
23643,34,management,single,tertiary,no,6766,no,no,-1,0,unknown,0,0.18519233497758017,True,985
33460,33,management,single,tertiary,no,6807,no,no,-1,0,unknown,1,0.18519233497758017,True,986
23231,33,management,single,tertiary,no,7084,no,no,-1,0,unknown,1,0.18519233497758017,True,987
45123,49,technician,married,secondary,no,308,no,no,91,5,failure,0,0.18493187897466568,True,988
27566,30,blue-collar,single,secondary,no,2380,no,no,-1,0,unknown,0,0.18484397987995774,True,989
27967,37,blue-collar,married,secondary,no,417,no,no,181,5,failure,0,0.18473203602773322,True,990
41965,35,technician,single,secondary,no,183,no,no,52,4,failure,1,0.18463251060584904,True,991
31366,32,admin.,single,tertiary,no,8866,no,no,-1,0,unknown,1,0.18459599754283448,True,992
26029,37,management,single,tertiary,no,6964,no,no,-1,0,unknown,0,0.184378864738305,True,993
27647,38,management,single,tertiary,no,6742,no,no,-1,0,unknown,0,0.184378864738305,True,994
35899,34,technician,single,secondary,no,1866,no,no,185,1,failure,0,0.18433402089300255,True,995
42273,37,admin.,single,secondary,no,115,no,no,101,5,failure,0,0.18392571165151436,True,996
44486,57,admin.,married,unknown,no,2038,no,no,182,2,failure,1,0.183870136252994,True,997
42072,37,management,married,tertiary,no,7974,yes,no,158,7,other,0,0.1833275073534631,True,998
35980,52,management,single,tertiary,no,824,no,no,354,2,failure,0,0.18306690108541965,True,999
29983,37,unemployed,single,tertiary,no,1032,no,no,-1,0,unknown,0,0.18259647151330122,True,1000
39660,29,self-employed,married,tertiary,no,2305,no,no,-1,0,unknown,0,0.1825236752465982,True,1001
39883,56,services,divorced,secondary,no,935,no,no,96,3,failure,0,0.18190487759310184,True,1002
42893,38,technician,married,secondary,no,318,no,no,181,5,failure,1,0.18168165382025522,True,1003
33715,30,blue-collar,single,unknown,no,6281,no,no,-1,0,unknown,1,0.18121862221943716,True,1004
28716,27,admin.,single,secondary,no,116,no,no,-1,0,unknown,0,0.1807812522880595,True,1005
44824,28,admin.,single,secondary,no,127,no,no,-1,0,unknown,1,0.1807812522880595,True,1006
43963,52,management,married,unknown,no,1708,no,no,145,3,failure,0,0.18005501359558573,True,1007
40875,35,housemaid,married,tertiary,no,11219,no,no,79,1,failure,0,0.17990694323061923,True,1008
42300,41,unemployed,divorced,primary,no,487,no,no,200,1,failure,0,0.17988989437310657,True,1009
44291,28,admin.,single,tertiary,no,313,no,yes,326,4,failure,0,0.17967912779266704,True,1010
16911,27,technician,single,secondary,no,3485,no,yes,-1,0,unknown,0,0.17964284818332504,True,1011
20367,40,management,divorced,tertiary,no,3426,no,no,-1,0,unknown,0,0.1795435426437629,True,1012
28942,60,admin.,divorced,secondary,no,4519,no,no,-1,0,unknown,0,0.17953160514781608,True,1013
15664,60,retired,divorced,tertiary,no,380,no,no,-1,0,unknown,0,0.17940190941581444,True,1014
24880,30,management,single,tertiary,no,414,no,no,-1,0,unknown,0,0.17921640414534853,True,1015
22381,30,management,single,tertiary,no,347,no,no,-1,0,unknown,0,0.17921640414534853,True,1016
21073,30,management,single,tertiary,no,334,no,no,-1,0,unknown,0,0.17921640414534853,True,1017
21149,60,management,married,tertiary,no,3387,no,no,-1,0,unknown,0,0.17904784699692566,True,1018
23762,60,management,married,tertiary,no,3029,no,no,-1,0,unknown,0,0.17904784699692566,True,1019
44365,25,technician,single,secondary,no,31,no,no,-1,0,unknown,0,0.1790435625058226,True,1020
28243,26,blue-collar,single,primary,no,941,no,no,-1,0,unknown,1,0.1784849234032164,True,1021
30466,29,admin.,single,secondary,no,209,no,no,-1,0,unknown,0,0.1780753786601645,True,1022
27807,29,admin.,single,secondary,no,187,no,no,-1,0,unknown,0,0.1780753786601645,True,1023
28508,38,technician,divorced,secondary,no,531,no,no,226,7,failure,0,0.17798938774607342,True,1024
26264,40,technician,single,secondary,no,572,no,no,91,2,failure,0,0.17789735560686062,True,1025
26260,42,management,single,tertiary,no,7104,no,no,-1,0,unknown,0,0.17787512504833064,True,1026
41464,41,management,single,tertiary,no,6116,no,no,-1,0,unknown,0,0.17787512504833064,True,1027
29406,29,technician,single,secondary,no,286,no,no,-1,0,unknown,0,0.17762655848537354,True,1028
35427,44,management,married,tertiary,no,430,no,no,171,2,failure,0,0.17757841616741832,True,1029
33734,32,management,single,tertiary,no,10281,no,no,-1,0,unknown,1,0.17751552072964155,True,1030
41191,33,management,single,tertiary,no,8514,no,no,-1,0,unknown,0,0.17751552072964155,True,1031
30638,33,management,divorced,tertiary,no,802,no,no,-1,0,unknown,0,0.1771120997512883,True,1032
27521,30,blue-collar,single,primary,no,5641,no,no,-1,0,unknown,0,0.17706409220577485,True,1033
17590,59,management,divorced,tertiary,no,3390,no,no,-1,0,unknown,0,0.1770004256915233,True,1034
8805,25,blue-collar,single,secondary,no,2,no,no,-1,0,unknown,0,0.17673211567662503,True,1035
13223,25,blue-collar,single,secondary,no,0,no,no,-1,0,unknown,0,0.17673211567662503,True,1036
41185,34,self-employed,single,tertiary,no,9962,no,no,-1,0,unknown,1,0.1767091239377193,True,1037
18920,44,unemployed,single,tertiary,no,810,no,no,-1,0,unknown,0,0.17614202575138457,True,1038
28027,28,technician,single,tertiary,no,102,no,no,-1,0,unknown,0,0.17560744106921342,True,1039
28340,27,blue-collar,single,primary,no,1209,no,no,-1,0,unknown,0,0.17541015353877035,True,1040
40841,32,blue-collar,single,tertiary,no,60,yes,yes,462,1,failure,0,0.17539820833266864,True,1041
14726,29,student,single,tertiary,no,5,no,no,-1,0,unknown,1,0.1748217598884799,True,1042
22372,31,management,single,tertiary,no,1536,no,no,-1,0,unknown,0,0.17468438827065838,True,1043
41105,31,management,single,tertiary,no,1441,no,no,-1,0,unknown,0,0.17468438827065838,True,1044
34113,31,management,single,tertiary,no,1619,no,no,-1,0,unknown,1,0.17468438827065838,True,1045
34017,31,management,single,tertiary,no,2016,no,no,-1,0,unknown,1,0.17468438827065838,True,1046
41034,58,retired,married,secondary,no,1227,no,no,37,2,failure,0,0.17399157485242958,True,1047
29859,31,entrepreneur,single,tertiary,no,1957,no,no,-1,0,unknown,0,0.1738881333813468,True,1048
25668,31,technician,single,tertiary,no,849,no,no,-1,0,unknown,0,0.1738881333813468,True,1049
33763,31,self-employed,single,tertiary,no,1734,no,no,-1,0,unknown,0,0.1738881333813468,True,1050
4752,31,services,single,tertiary,no,1025,no,no,-1,0,unknown,0,0.1738881333813468,True,1051
24276,31,entrepreneur,single,tertiary,no,1454,no,no,-1,0,unknown,0,0.1738881333813468,True,1052
44358,31,services,single,tertiary,no,1626,no,no,-1,0,unknown,0,0.1738881333813468,True,1053
30707,27,blue-collar,single,primary,no,540,no,no,-1,0,unknown,0,0.17363401743852938,True,1054
40092,38,management,married,tertiary,no,1988,yes,no,79,4,other,0,0.17343117577429015,True,1055
22473,48,management,divorced,tertiary,no,2939,no,no,-1,0,unknown,0,0.17317140417368684,True,1056
18881,49,management,divorced,tertiary,no,5223,no,no,-1,0,unknown,0,0.17317140417368684,True,1057
44257,54,management,divorced,tertiary,no,5475,no,no,-1,0,unknown,1,0.17317140417368684,True,1058
12501,29,technician,single,tertiary,no,101,no,no,-1,0,unknown,0,0.1729626573483342,True,1059
40169,55,management,divorced,tertiary,no,9756,yes,no,95,1,other,1,0.17273462099826667,True,1060
25755,43,management,married,tertiary,no,1993,no,no,174,1,failure,0,0.1725612423620252,True,1061
43584,49,technician,single,secondary,no,1245,no,no,198,2,failure,0,0.17243406143245843,True,1062
39697,54,retired,divorced,tertiary,no,3076,no,no,-1,0,unknown,1,0.17238060538379055,True,1063
25654,51,technician,divorced,tertiary,no,4143,no,no,-1,0,unknown,0,0.17238060538379055,True,1064
27319,54,entrepreneur,divorced,tertiary,no,5784,no,no,-1,0,unknown,0,0.17238060538379055,True,1065
20054,51,technician,divorced,tertiary,no,4596,no,no,-1,0,unknown,0,0.17238060538379055,True,1066
11080,57,retired,divorced,tertiary,no,5253,no,no,-1,0,unknown,0,0.17238060538379055,True,1067
19905,45,management,divorced,tertiary,no,2406,no,no,-1,0,unknown,0,0.17227734775767817,True,1068
30691,60,technician,married,secondary,no,1139,no,no,207,2,failure,0,0.17217919863464973,True,1069
39956,30,student,single,secondary,no,155,no,no,-1,0,unknown,0,0.1719167026454178,True,1070
27097,34,technician,single,secondary,no,27446,yes,no,-1,0,unknown,0,0.17180516560232717,True,1071
41849,27,management,married,tertiary,no,893,no,no,-1,0,unknown,1,0.1715595940465833,True,1072
44847,27,management,married,tertiary,no,802,no,no,-1,0,unknown,1,0.1715595940465833,True,1073
42947,35,management,married,tertiary,no,62,no,no,185,2,failure,1,0.1712088780077419,True,1074
27100,31,technician,married,tertiary,no,5119,no,no,-1,0,unknown,0,0.171023482020255,True,1075
25417,31,technician,married,tertiary,no,3564,no,no,-1,0,unknown,0,0.171023482020255,True,1076
23081,31,self-employed,married,tertiary,no,3220,no,no,-1,0,unknown,0,0.171023482020255,True,1077
20566,31,technician,married,tertiary,no,4089,no,no,-1,0,unknown,0,0.171023482020255,True,1078
40610,28,management,married,tertiary,no,1240,no,no,-1,0,unknown,1,0.17082954009136778,True,1079
31156,29,student,single,secondary,no,48,no,no,-1,0,unknown,0,0.1707694978566119,True,1080
25868,40,blue-collar,married,secondary,no,4853,no,no,111,2,failure,0,0.17075509817460907,True,1081
40556,38,entrepreneur,divorced,tertiary,no,7929,no,no,-1,0,unknown,0,0.17075022939013462,True,1082
44219,33,technician,married,secondary,no,183,no,no,182,3,other,1,0.170691306937082,True,1083
29250,27,admin.,single,tertiary,no,43,no,no,-1,0,unknown,0,0.17067187019074853,True,1084
4025,42,management,single,tertiary,no,10561,no,no,-1,0,unknown,0,0.17043818492143173,True,1085
15266,57,management,divorced,tertiary,no,2549,no,no,-1,0,unknown,0,0.17035594540405355,True,1086
28462,38,unemployed,single,tertiary,no,560,no,no,-1,0,unknown,0,0.17027388775641947,True,1087
39664,27,management,single,tertiary,no,80,no,no,-1,0,unknown,0,0.1702523069169805,True,1088
33070,26,technician,single,secondary,no,181,no,no,-1,0,unknown,1,0.1702122426008669,True,1089
17875,27,technician,single,secondary,no,151,no,no,-1,0,unknown,0,0.1702122426008669,True,1090
15203,29,management,married,tertiary,no,900,no,no,-1,0,unknown,0,0.17011985590790688,True,1091
20662,47,management,divorced,tertiary,no,800,no,no,-1,0,unknown,0,0.17004752253632918,True,1092
22787,31,management,married,tertiary,no,2652,no,no,-1,0,unknown,0,0.1700188918278257,True,1093
42099,30,technician,single,secondary,no,846,no,no,-1,0,unknown,0,0.16976518930095397,True,1094
23519,30,technician,single,secondary,no,1052,no,no,-1,0,unknown,0,0.16976518930095397,True,1095
11296,33,admin.,single,secondary,no,3160,no,no,-1,0,unknown,0,0.16958567142195416,True,1096
40470,29,management,married,primary,no,5547,no,no,-1,0,unknown,0,0.16957809175528732,True,1097
18233,26,self-employed,single,tertiary,no,50,no,no,-1,0,unknown,0,0.169472106125468,True,1098
20047,31,technician,single,secondary,no,2846,no,no,-1,0,unknown,0,0.16946048443408912,True,1099
42683,37,admin.,single,secondary,no,4803,no,no,-1,0,unknown,1,0.1688265504188938,True,1100
26798,31,management,married,tertiary,no,6290,no,no,-1,0,unknown,0,0.16875880441560628,True,1101
44548,31,management,married,tertiary,no,6980,no,no,-1,0,unknown,0,0.16875880441560628,True,1102
43494,35,admin.,married,tertiary,no,690,no,no,185,1,failure,0,0.16867678870818537,True,1103
44509,29,blue-collar,single,tertiary,no,98,no,no,-1,0,unknown,0,0.16857370878310157,True,1104
28860,28,blue-collar,single,primary,no,442,no,no,-1,0,unknown,0,0.16834979812610962,True,1105
31254,60,retired,married,secondary,no,404,no,no,196,2,failure,1,0.16804425764727296,True,1106
30790,32,student,single,unknown,no,4110,no,no,-1,0,unknown,0,0.16796371756395576,True,1107
4849,36,management,single,tertiary,no,808,no,no,-1,0,unknown,0,0.16796283119549357,True,1108
23716,32,management,single,tertiary,no,813,no,no,-1,0,unknown,0,0.16796283119549357,True,1109
23486,34,management,single,tertiary,no,1070,no,no,-1,0,unknown,0,0.16796283119549357,True,1110
43055,34,management,single,tertiary,no,2159,no,no,-1,0,unknown,1,0.16796283119549357,True,1111
10769,35,management,single,tertiary,no,1374,no,no,-1,0,unknown,0,0.16796283119549357,True,1112
42638,32,management,single,tertiary,no,1962,no,no,-1,0,unknown,0,0.16796283119549357,True,1113
42207,32,management,single,tertiary,no,2134,no,no,-1,0,unknown,0,0.16796283119549357,True,1114
27308,32,management,single,tertiary,no,1716,no,no,-1,0,unknown,0,0.16796283119549357,True,1115
34105,35,management,single,tertiary,no,1162,no,no,-1,0,unknown,1,0.16796283119549357,True,1116
41198,35,management,single,tertiary,no,1756,no,no,-1,0,unknown,1,0.16796283119549357,True,1117
23648,33,management,single,tertiary,no,1530,no,no,-1,0,unknown,0,0.16796283119549357,True,1118
22844,32,management,single,tertiary,no,1882,no,no,-1,0,unknown,1,0.16796283119549357,True,1119
20026,34,management,single,tertiary,no,2093,no,no,-1,0,unknown,0,0.16796283119549357,True,1120
20351,32,management,single,tertiary,no,1434,no,no,-1,0,unknown,0,0.16796283119549357,True,1121
21454,32,management,single,tertiary,no,1966,no,no,-1,0,unknown,0,0.16796283119549357,True,1122
20227,33,management,single,tertiary,no,1120,no,no,-1,0,unknown,1,0.16796283119549357,True,1123
19544,32,management,single,tertiary,no,1010,no,no,-1,0,unknown,0,0.16796283119549357,True,1124
33765,32,management,single,tertiary,no,2069,no,no,-1,0,unknown,1,0.16796283119549357,True,1125
34267,36,management,single,tertiary,no,1876,no,no,-1,0,unknown,0,0.16796283119549357,True,1126
42806,36,technician,married,tertiary,no,202,no,no,120,3,failure,1,0.16786267756320378,True,1127
30986,37,unemployed,married,secondary,no,356,no,no,216,1,failure,0,0.16770064333654286,True,1128
31218,29,management,single,tertiary,no,92,no,no,-1,0,unknown,1,0.16767177189001625,True,1129
34602,44,unemployed,married,secondary,no,0,no,no,165,4,failure,0,0.16765126108589293,True,1130
43121,40,technician,married,secondary,no,826,no,no,267,2,other,0,0.1674859471829477,True,1131
21865,37,management,single,tertiary,no,1572,no,no,-1,0,unknown,0,0.16720951182812432,True,1132
18140,37,management,single,tertiary,no,2173,no,no,-1,0,unknown,0,0.16720951182812432,True,1133
20951,38,management,single,tertiary,no,2117,no,no,-1,0,unknown,0,0.16720951182812432,True,1134
44628,38,management,single,tertiary,no,1704,no,no,-1,0,unknown,0,0.16720951182812432,True,1135
45088,38,management,single,tertiary,no,1373,no,no,-1,0,unknown,0,0.16720951182812432,True,1136
29349,32,technician,single,tertiary,no,1534,no,no,-1,0,unknown,0,0.16719100813495738,True,1137
34328,33,self-employed,single,tertiary,no,1049,no,no,-1,0,unknown,0,0.16719100813495738,True,1138
26246,32,services,single,tertiary,no,945,no,no,-1,0,unknown,1,0.16719100813495738,True,1139
41107,36,services,single,tertiary,no,1189,no,no,-1,0,unknown,1,0.16719100813495738,True,1140
24586,33,self-employed,single,tertiary,no,2155,no,no,-1,0,unknown,0,0.16719100813495738,True,1141
22436,36,technician,single,tertiary,no,1324,no,no,-1,0,unknown,0,0.16719100813495738,True,1142
20612,32,technician,single,tertiary,no,1325,no,no,-1,0,unknown,0,0.16719100813495738,True,1143
31027,32,student,single,tertiary,no,1138,no,no,-1,0,unknown,1,0.16719100813495738,True,1144
9438,36,self-employed,single,tertiary,no,2000,no,no,-1,0,unknown,0,0.16719100813495738,True,1145
25044,41,technician,married,secondary,no,2123,no,no,102,2,failure,0,0.1671222220199261,True,1146
41881,30,admin.,single,secondary,no,648,no,no,-1,0,unknown,0,0.16681608066645492,True,1147
15566,25,blue-collar,single,primary,no,15,no,no,-1,0,unknown,0,0.1664454081431919,True,1148
21468,39,technician,single,tertiary,no,1043,no,no,-1,0,unknown,0,0.16644045795364593,True,1149
9475,37,technician,single,tertiary,no,1309,no,no,-1,0,unknown,0,0.16644045795364593,True,1150
40195,37,self-employed,single,tertiary,no,1758,no,no,-1,0,unknown,0,0.16644045795364593,True,1151
24791,38,technician,single,tertiary,no,1674,no,no,-1,0,unknown,0,0.16644045795364593,True,1152
11194,37,self-employed,single,tertiary,no,2087,no,no,-1,0,unknown,0,0.16644045795364593,True,1153
29024,39,student,single,tertiary,no,2103,no,no,-1,0,unknown,1,0.16644045795364593,True,1154
18611,37,self-employed,single,tertiary,no,1286,no,no,-1,0,unknown,0,0.16644045795364593,True,1155
43759,60,management,married,secondary,no,0,no,no,87,8,failure,0,0.16640480446426228,True,1156
24203,49,management,married,tertiary,no,1533,no,no,172,1,failure,0,0.16638665637698155,True,1157
20352,30,technician,single,tertiary,no,290,no,no,-1,0,unknown,0,0.1663620307716474,True,1158
31572,26,blue-collar,single,secondary,no,5005,no,yes,-1,0,unknown,1,0.16610970440466558,True,1159
40549,21,technician,single,tertiary,no,61,no,yes,-1,0,unknown,0,0.16607575738607283,True,1160
24114,38,admin.,single,secondary,no,2470,no,no,-1,0,unknown,1,0.1660675433595729,True,1161
42091,60,retired,divorced,secondary,no,4243,no,no,-1,0,unknown,1,0.16600691932341624,True,1162
16997,25,admin.,single,secondary,no,0,no,yes,-1,0,unknown,0,0.16596871071443073,True,1163
33211,35,technician,single,tertiary,no,122,no,no,328,5,failure,0,0.1659585401757105,True,1164
29434,31,admin.,single,secondary,no,8626,no,no,-1,0,unknown,0,0.16581367407358993,True,1165
45061,30,self-employed,single,secondary,no,1031,no,no,-1,0,unknown,0,0.16570885918346678,True,1166
45033,26,admin.,married,tertiary,no,319,no,no,-1,0,unknown,0,0.16568988733921927,True,1167
30399,29,blue-collar,single,secondary,no,228,no,no,-1,0,unknown,0,0.16543837788035337,True,1168
29757,30,unemployed,married,tertiary,no,1067,no,no,-1,0,unknown,0,0.1654158113002055,True,1169
16271,56,retired,divorced,tertiary,no,2370,no,no,-1,0,unknown,0,0.16534587664088263,True,1170
14621,25,services,single,secondary,no,-352,no,no,-1,0,unknown,0,0.1647296770730656,True,1171
41312,25,admin.,single,tertiary,no,11,no,yes,-1,0,unknown,0,0.1646076753932574,True,1172
6312,24,self-employed,single,tertiary,no,2984,yes,no,-1,0,unknown,1,0.1644895459115082,True,1173
3449,39,management,divorced,tertiary,no,9541,no,no,-1,0,unknown,0,0.1643102565190378,True,1174
12642,30,admin.,single,tertiary,no,218,no,no,-1,0,unknown,0,0.1640588062900687,True,1175
17341,29,technician,married,tertiary,no,676,no,no,-1,0,unknown,0,0.16385423242382308,True,1176
40933,30,technician,married,secondary,no,6843,no,no,-1,0,unknown,0,0.16377233591080176,True,1177
44277,25,student,married,secondary,no,37,no,no,-1,0,unknown,0,0.1636644159232419,True,1178
44443,53,management,married,tertiary,no,3591,yes,no,181,2,other,1,0.16329790520238419,True,1179
20688,31,management,single,tertiary,no,745,no,no,-1,0,unknown,0,0.1627894157430193,True,1180
19902,35,management,married,tertiary,no,3161,no,no,-1,0,unknown,0,0.1627546354306324,True,1181
39983,34,management,married,tertiary,no,3402,no,no,-1,0,unknown,0,0.1627546354306324,True,1182
19736,34,management,married,tertiary,no,5334,no,no,-1,0,unknown,0,0.1627546354306324,True,1183
26935,36,management,married,tertiary,no,4069,no,no,-1,0,unknown,1,0.1627546354306324,True,1184
33821,31,management,married,tertiary,no,2395,no,no,-1,0,unknown,0,0.16237617110684868,True,1185
40912,34,unemployed,single,tertiary,no,415,no,no,-1,0,unknown,0,0.16219068684258342,True,1186
20502,37,management,married,tertiary,no,4044,no,no,-1,0,unknown,0,0.16202012639126112,True,1187
21964,38,management,married,tertiary,no,3440,no,no,-1,0,unknown,0,0.16202012639126112,True,1188
30478,39,management,married,tertiary,no,2976,no,no,-1,0,unknown,0,0.16202012639126112,True,1189
33724,37,management,married,tertiary,no,4174,no,no,-1,0,unknown,0,0.16202012639126112,True,1190
18506,37,management,married,tertiary,no,4357,no,no,-1,0,unknown,0,0.16202012639126112,True,1191
19862,37,management,married,tertiary,no,3288,no,no,-1,0,unknown,0,0.16202012639126112,True,1192
40504,37,management,married,tertiary,no,3737,no,no,-1,0,unknown,1,0.16202012639126112,True,1193
25741,42,self-employed,married,secondary,no,3211,no,no,111,1,failure,0,0.16192732387080075,True,1194
41664,36,technician,married,tertiary,no,202,no,no,122,2,failure,0,0.1617832785218108,True,1195
20015,31,management,married,tertiary,no,10088,no,no,-1,0,unknown,0,0.16162808289955558,True,1196
36174,31,student,married,tertiary,no,0,no,no,367,4,other,0,0.16134207249837743,True,1197
41272,36,self-employed,married,tertiary,no,506,no,no,120,1,failure,0,0.16133549013139598,True,1198
44584,32,student,single,secondary,no,14,no,no,136,1,other,0,0.1613199733510826,True,1199
15860,41,management,single,tertiary,no,1253,no,no,-1,0,unknown,1,0.1611917094969978,True,1200
26968,41,management,single,tertiary,no,1982,no,no,-1,0,unknown,1,0.1611917094969978,True,1201
23523,42,management,single,tertiary,no,1608,no,no,-1,0,unknown,0,0.1611917094969978,True,1202
33967,33,technician,married,tertiary,no,4401,no,no,-1,0,unknown,1,0.16103298472773017,True,1203
22448,32,self-employed,married,tertiary,no,3601,no,no,-1,0,unknown,0,0.16103298472773017,True,1204
39985,39,technician,married,tertiary,no,794,no,no,121,1,failure,0,0.1606061571013328,True,1205
10240,41,self-employed,single,tertiary,no,1755,no,no,-1,0,unknown,0,0.160445001141292,True,1206
32059,40,technician,single,tertiary,no,1175,no,no,-1,0,unknown,1,0.160445001141292,True,1207
44199,45,technician,single,tertiary,no,1591,no,no,-1,0,unknown,0,0.160445001141292,True,1208
24324,46,technician,single,tertiary,no,1448,no,no,-1,0,unknown,0,0.160445001141292,True,1209
18160,40,self-employed,single,tertiary,no,819,no,no,-1,0,unknown,0,0.160445001141292,True,1210
14663,43,technician,single,tertiary,no,1154,no,no,-1,0,unknown,0,0.160445001141292,True,1211
21195,45,management,divorced,tertiary,no,2307,no,no,-1,0,unknown,0,0.16042625191099102,True,1212
44722,43,management,divorced,tertiary,no,2251,no,no,-1,0,unknown,0,0.16042625191099102,True,1213
31159,56,services,divorced,secondary,no,935,no,no,227,2,failure,0,0.16025887541752476,True,1214
18577,36,management,married,tertiary,no,2547,no,no,-1,0,unknown,0,0.16007574669198968,True,1215
21059,33,technician,single,secondary,no,3264,no,no,-1,0,unknown,0,0.15954371887217617,True,1216
39419,32,services,single,secondary,no,3993,no,no,-1,0,unknown,1,0.15954371887217617,True,1217
26551,32,technician,single,secondary,no,5205,no,no,-1,0,unknown,0,0.15954371887217617,True,1218
21215,32,technician,single,secondary,no,3586,no,no,-1,0,unknown,0,0.15954371887217617,True,1219
31444,32,student,single,unknown,no,2321,no,no,-1,0,unknown,0,0.15905598710236443,True,1220
41040,59,unemployed,divorced,secondary,no,2026,no,no,73,1,failure,0,0.15890332405011737,True,1221
39205,40,technician,single,secondary,no,191,yes,no,374,1,other,0,0.15888466284572836,True,1222
27264,34,management,married,tertiary,no,7384,no,no,-1,0,unknown,0,0.15887524608427284,True,1223
34015,30,admin.,single,secondary,no,414,no,no,-1,0,unknown,0,0.15886559889119656,True,1224
18150,59,management,single,tertiary,no,1180,no,no,-1,0,unknown,0,0.1588582039006744,True,1225
40348,42,technician,married,secondary,no,1539,no,no,211,2,failure,0,0.15882961920738292,True,1226
32548,34,services,married,secondary,no,703,no,no,150,2,failure,0,0.1588237136625416,True,1227
21492,38,technician,single,secondary,no,3278,no,no,-1,0,unknown,1,0.15882095181760136,True,1228
13547,39,technician,single,secondary,no,4380,no,no,-1,0,unknown,0,0.15882095181760136,True,1229
24378,50,unemployed,single,secondary,no,2668,no,no,-1,0,unknown,0,0.15874041470374256,True,1230
42353,36,admin.,married,tertiary,no,0,no,no,205,2,other,0,0.1586456747369111,True,1231
25073,37,management,married,primary,no,5427,no,no,159,1,failure,0,0.1585172436832443,True,1232
41141,32,technician,married,tertiary,no,2688,no,no,-1,0,unknown,0,0.15837707329606618,True,1233
40068,39,admin.,single,tertiary,no,22086,no,no,-1,0,unknown,1,0.15834128908965917,True,1234
15533,42,blue-collar,single,tertiary,no,1736,no,no,-1,0,unknown,0,0.15832735482826685,True,1235
11975,38,management,married,tertiary,no,6209,no,no,-1,0,unknown,0,0.15815493749152465,True,1236
26399,37,management,married,tertiary,no,7100,no,no,-1,0,unknown,0,0.15815493749152465,True,1237
39557,30,technician,single,secondary,no,707,no,no,-1,0,unknown,0,0.1581410008920203,True,1238
25205,44,management,single,tertiary,no,1356,no,yes,134,2,other,0,0.15803363251905336,True,1239
41309,59,retired,married,secondary,no,1341,no,no,97,1,other,0,0.1579485931223918,True,1240
32193,31,management,single,secondary,no,2317,no,no,-1,0,unknown,0,0.15790684852743017,True,1241
15106,60,retired,divorced,tertiary,no,129,no,no,-1,0,unknown,0,0.15778124367534277,True,1242
27775,29,management,married,tertiary,no,451,no,no,-1,0,unknown,0,0.1576965956578251,True,1243
27829,30,management,single,tertiary,no,119,no,no,-1,0,unknown,0,0.1576138006191483,True,1244
33726,30,student,single,primary,no,1527,no,no,-1,0,unknown,0,0.15755688942110416,True,1245
30624,29,blue-collar,single,primary,no,269,no,no,-1,0,unknown,0,0.15736147195283007,True,1246
26329,35,admin.,married,tertiary,no,12634,no,no,-1,0,unknown,0,0.15729342779399658,True,1247
26660,35,services,single,secondary,no,2467,no,no,-1,0,unknown,0,0.1569077760667407,True,1248
30343,30,services,single,secondary,no,566,no,no,-1,0,unknown,0,0.15690714048050255,True,1249
15192,30,technician,single,tertiary,no,178,no,no,-1,0,unknown,1,0.15688056678081017,True,1250
26111,30,self-employed,single,tertiary,no,189,no,no,-1,0,unknown,0,0.15688056678081017,True,1251
31886,53,admin.,single,secondary,no,2892,no,no,-1,0,unknown,1,0.1568715021375599,True,1252
30447,45,technician,married,secondary,no,858,no,no,251,2,failure,0,0.1567078992323623,True,1253
11538,39,entrepreneur,married,tertiary,no,6495,no,no,-1,0,unknown,0,0.15647284988298218,True,1254
20102,36,management,single,tertiary,no,553,no,no,-1,0,unknown,0,0.15643880007973632,True,1255
20398,32,management,single,tertiary,no,715,no,no,-1,0,unknown,0,0.15643880007973632,True,1256
23873,32,management,single,tertiary,no,769,no,no,-1,0,unknown,1,0.15643880007973632,True,1257
21101,33,management,single,tertiary,no,637,no,no,-1,0,unknown,0,0.15643880007973632,True,1258
19697,33,management,single,tertiary,no,605,no,no,-1,0,unknown,0,0.15643880007973632,True,1259
34149,32,management,single,tertiary,no,697,no,no,-1,0,unknown,0,0.15643880007973632,True,1260
19541,36,management,single,tertiary,no,613,no,no,-1,0,unknown,0,0.15643880007973632,True,1261
44941,34,management,single,tertiary,no,549,no,no,-1,0,unknown,1,0.15643880007973632,True,1262
19231,34,management,single,tertiary,no,681,no,no,-1,0,unknown,1,0.15643880007973632,True,1263
42110,33,management,single,tertiary,no,576,no,no,-1,0,unknown,0,0.15643880007973632,True,1264
14396,43,unemployed,single,tertiary,no,408,no,no,-1,0,unknown,0,0.15631960553312474,True,1265
21998,44,management,married,tertiary,no,5004,no,no,-1,0,unknown,0,0.1561540683933663,True,1266
18831,41,management,married,tertiary,no,3348,no,no,-1,0,unknown,0,0.1561540683933663,True,1267
18456,44,management,married,tertiary,no,4460,no,no,-1,0,unknown,0,0.1561540683933663,True,1268
31318,43,management,married,tertiary,no,2987,no,no,-1,0,unknown,0,0.1561540683933663,True,1269
22487,47,management,married,tertiary,no,5049,no,no,-1,0,unknown,0,0.1561540683933663,True,1270
9786,44,management,married,tertiary,no,2876,no,no,-1,0,unknown,0,0.1561540683933663,True,1271
17721,40,management,married,tertiary,no,4381,no,no,-1,0,unknown,0,0.1561540683933663,True,1272
19960,41,management,married,tertiary,no,3353,no,no,-1,0,unknown,0,0.1561540683933663,True,1273
26857,41,management,married,tertiary,no,5883,no,no,-1,0,unknown,0,0.1561540683933663,True,1274
11992,46,management,married,tertiary,no,5464,no,no,-1,0,unknown,0,0.1561540683933663,True,1275
26681,43,management,married,tertiary,no,2886,no,no,-1,0,unknown,0,0.1561540683933663,True,1276
21391,46,management,married,tertiary,no,3115,no,no,-1,0,unknown,0,0.1561540683933663,True,1277
10280,45,management,married,tertiary,no,3370,no,no,-1,0,unknown,0,0.1561540683933663,True,1278
17862,25,services,single,secondary,no,5,no,yes,-1,0,unknown,0,0.15610067431761854,True,1279
20647,32,management,married,tertiary,no,2414,no,no,-1,0,unknown,0,0.15603867197222682,True,1280
30805,31,admin.,single,secondary,no,1201,no,no,-1,0,unknown,0,0.1559712275947424,True,1281
14599,27,unemployed,married,secondary,no,1228,no,no,-1,0,unknown,0,0.15592153152399363,True,1282
44897,31,technician,married,tertiary,no,3338,yes,no,95,4,failure,0,0.15592116737785763,True,1283
43805,29,technician,divorced,secondary,no,124,no,no,-1,0,unknown,0,0.15573225278994493,True,1284
23111,33,technician,single,tertiary,no,469,no,no,-1,0,unknown,0,0.15571002205547488,True,1285
19660,35,technician,single,tertiary,no,632,no,no,-1,0,unknown,0,0.15571002205547488,True,1286
21398,32,technician,single,tertiary,no,548,no,no,-1,0,unknown,0,0.15571002205547488,True,1287
33703,59,technician,married,secondary,no,10925,no,no,-1,0,unknown,1,0.1555572501508971,True,1288
42836,33,unemployed,single,tertiary,no,685,yes,no,96,2,failure,0,0.15550480190737526,True,1289
39597,60,retired,married,tertiary,no,846,no,no,-1,0,unknown,1,0.15534827161509815,True,1290
22824,55,management,single,tertiary,no,1498,no,no,-1,0,unknown,0,0.15534756878793063,True,1291
26569,39,management,married,tertiary,no,2450,no,no,-1,0,unknown,0,0.1553288489234945,True,1292
9450,36,entrepreneur,divorced,tertiary,no,914,no,no,-1,0,unknown,0,0.15531654372646944,True,1293
31207,36,technician,divorced,tertiary,no,1381,no,no,-1,0,unknown,0,0.15531654372646944,True,1294
27481,31,management,single,tertiary,no,307,no,no,-1,0,unknown,0,0.15499514465477396,True,1295
21343,31,management,single,tertiary,no,350,no,no,-1,0,unknown,0,0.15499514465477396,True,1296
41304,31,management,single,tertiary,no,404,no,no,-1,0,unknown,0,0.15499514465477396,True,1297
19007,30,management,married,tertiary,no,1908,no,no,-1,0,unknown,0,0.15490618336953796,True,1298
28084,30,management,married,tertiary,no,1235,no,no,-1,0,unknown,0,0.15490618336953796,True,1299
43872,30,management,married,tertiary,no,1288,no,no,-1,0,unknown,0,0.15490618336953796,True,1300
39278,30,blue-collar,single,secondary,no,583,no,no,-1,0,unknown,0,0.15482757763887298,True,1301
17452,26,admin.,single,secondary,no,1690,no,yes,-1,0,unknown,0,0.1546642843714176,True,1302
9958,38,technician,divorced,tertiary,no,1805,no,no,-1,0,unknown,1,0.15460940386281324,True,1303
10852,39,self-employed,divorced,tertiary,no,1415,no,no,-1,0,unknown,0,0.15460940386281324,True,1304
14472,47,entrepreneur,married,tertiary,no,3659,no,no,-1,0,unknown,0,0.15448935614864545,True,1305
10049,42,entrepreneur,married,tertiary,no,5345,no,no,-1,0,unknown,1,0.15448935614864545,True,1306
17774,45,technician,married,tertiary,no,4647,no,no,-1,0,unknown,0,0.15448935614864545,True,1307
11386,45,technician,married,tertiary,no,3626,no,no,-1,0,unknown,0,0.15448935614864545,True,1308
27579,47,self-employed,married,tertiary,no,3072,no,no,-1,0,unknown,0,0.15448935614864545,True,1309
33733,45,technician,married,tertiary,no,5110,no,no,-1,0,unknown,1,0.15448935614864545,True,1310
19702,43,technician,married,tertiary,no,5145,no,no,-1,0,unknown,0,0.15448935614864545,True,1311
40228,42,services,married,tertiary,no,4216,no,no,-1,0,unknown,1,0.15448935614864545,True,1312
29640,44,entrepreneur,married,tertiary,no,3850,no,no,-1,0,unknown,0,0.15448935614864545,True,1313
20025,41,management,single,secondary,no,800,no,no,-1,0,unknown,0,0.15437143047809182,True,1314
34012,23,management,single,tertiary,no,736,yes,no,-1,0,unknown,0,0.15432754579612892,True,1315
18864,31,technician,single,tertiary,no,387,no,no,-1,0,unknown,0,0.15427186203044713,True,1316
29875,31,technician,single,tertiary,no,454,no,no,-1,0,unknown,0,0.15427186203044713,True,1317
13964,29,blue-collar,single,secondary,no,8079,no,yes,-1,0,unknown,0,0.15424323036827364,True,1318
43610,34,unemployed,single,secondary,no,1965,no,no,-1,0,unknown,1,0.15418966860677222,True,1319
14313,46,admin.,single,unknown,no,2273,no,no,-1,0,unknown,0,0.15407897871009302,True,1320
30445,34,management,divorced,tertiary,no,0,no,no,175,3,failure,0,0.15405276389261807,True,1321
24390,53,technician,divorced,tertiary,no,2228,no,no,-1,0,unknown,1,0.15388295574150024,True,1322
24600,59,management,married,tertiary,no,3640,no,no,-1,0,unknown,0,0.15388011196380774,True,1323
21373,59,management,married,tertiary,no,3779,no,no,-1,0,unknown,0,0.15388011196380774,True,1324
41971,42,management,married,tertiary,no,2463,no,no,-1,0,unknown,0,0.15356389599394343,True,1325
18471,47,management,married,tertiary,no,2597,no,no,-1,0,unknown,0,0.15356389599394343,True,1326
17896,41,management,married,tertiary,no,2646,no,no,-1,0,unknown,0,0.15356389599394343,True,1327
27495,43,management,married,tertiary,no,2640,no,no,-1,0,unknown,1,0.15356389599394343,True,1328
41070,45,management,married,tertiary,no,2671,no,no,-1,0,unknown,1,0.15356389599394343,True,1329
9508,40,services,single,secondary,no,2936,no,no,-1,0,unknown,0,0.15304956725158458,True,1330
9985,41,entrepreneur,single,secondary,no,3216,no,no,-1,0,unknown,0,0.15304956725158458,True,1331
9928,47,services,single,secondary,no,3644,no,no,-1,0,unknown,0,0.15304956725158458,True,1332
38778,37,blue-collar,single,tertiary,no,481,no,no,-1,0,unknown,0,0.1529425321672512,True,1333
21611,60,self-employed,married,tertiary,no,2149,no,no,-1,0,unknown,0,0.15290724622429783,True,1334
15093,30,management,married,tertiary,no,931,no,no,-1,0,unknown,0,0.1528273522119344,True,1335
31000,32,management,single,tertiary,no,19985,no,no,-1,0,unknown,0,0.1527776936635105,True,1336
43396,46,management,married,unknown,no,2466,no,no,370,1,failure,1,0.15270163650850307,True,1337
25534,52,retired,married,secondary,no,424,no,no,154,3,failure,0,0.15269763366554698,True,1338
37669,39,services,married,secondary,no,20928,no,no,352,1,other,0,0.15269491502560215,True,1339
23206,41,management,married,tertiary,no,6563,no,no,-1,0,unknown,0,0.15240337025573444,True,1340
31315,32,management,married,tertiary,no,8929,no,no,-1,0,unknown,1,0.15208573516007418,True,1341
8543,43,entrepreneur,married,tertiary,no,2589,no,no,-1,0,unknown,0,0.1519218254914662,True,1342
42800,43,self-employed,married,tertiary,no,2501,no,no,-1,0,unknown,0,0.1519218254914662,True,1343
20701,45,entrepreneur,married,tertiary,no,2476,no,no,-1,0,unknown,0,0.1519218254914662,True,1344
31215,26,admin.,married,secondary,no,1595,no,no,-1,0,unknown,0,0.15153074399775973,True,1345
14921,59,management,married,tertiary,no,2540,no,no,-1,0,unknown,0,0.15132089449429445,True,1346
36616,60,retired,divorced,tertiary,no,-134,no,no,271,4,failure,0,0.15102123658996605,True,1347
41004,48,self-employed,married,secondary,no,1559,no,no,190,2,failure,0,0.15090786421484556,True,1348
26689,43,self-employed,married,tertiary,no,6424,no,no,-1,0,unknown,0,0.1507714988845467,True,1349
39089,33,technician,single,secondary,no,315,yes,no,374,2,other,0,0.1505702764569518,True,1350
8946,24,management,single,tertiary,no,933,yes,no,-1,0,unknown,0,0.15049514807048006,True,1351
11506,51,management,married,tertiary,no,3134,no,no,-1,0,unknown,0,0.15045981015044094,True,1352
19724,54,management,married,tertiary,no,2819,no,no,-1,0,unknown,0,0.15045981015044094,True,1353
19650,57,management,married,tertiary,no,4547,no,no,-1,0,unknown,0,0.15045981015044094,True,1354
25093,51,management,married,tertiary,no,5343,no,no,-1,0,unknown,0,0.15045981015044094,True,1355
39817,48,management,married,tertiary,no,3842,no,no,-1,0,unknown,1,0.15045981015044094,True,1356
11415,50,management,married,tertiary,no,4045,no,no,-1,0,unknown,0,0.15045981015044094,True,1357
29528,51,management,married,tertiary,no,2814,no,no,-1,0,unknown,0,0.15045981015044094,True,1358
20526,52,management,married,tertiary,no,3508,no,no,-1,0,unknown,0,0.15045981015044094,True,1359
25967,50,management,married,tertiary,no,5794,no,no,-1,0,unknown,0,0.15045981015044094,True,1360
21507,48,management,married,tertiary,no,4060,no,no,-1,0,unknown,0,0.15045981015044094,True,1361
10830,48,management,married,tertiary,no,2837,no,no,-1,0,unknown,0,0.15045981015044094,True,1362
25658,35,self-employed,married,tertiary,no,8647,no,no,-1,0,unknown,0,0.15045666116328202,True,1363
11279,36,entrepreneur,married,tertiary,no,9405,no,no,-1,0,unknown,0,0.15045666116328202,True,1364
20133,33,technician,married,tertiary,no,8408,no,no,-1,0,unknown,0,0.15045666116328202,True,1365
3930,27,technician,married,tertiary,no,276,no,no,-1,0,unknown,0,0.15032887288565586,True,1366
21620,43,management,single,tertiary,no,483,no,no,-1,0,unknown,1,0.1500484690577367,True,1367
20942,42,management,single,tertiary,no,525,no,no,-1,0,unknown,0,0.1500484690577367,True,1368
30735,27,services,single,tertiary,no,691,no,yes,-1,0,unknown,0,0.14992316142927095,True,1369
30537,33,admin.,single,secondary,no,894,no,no,-1,0,unknown,0,0.14983899326607644,True,1370
39696,32,admin.,single,secondary,no,1649,no,no,-1,0,unknown,0,0.14983899326607644,True,1371
39968,42,blue-collar,married,secondary,no,2913,no,no,195,1,failure,1,0.14978526158399094,True,1372
6217,29,admin.,single,tertiary,no,2904,yes,no,-1,0,unknown,0,0.14967671794686577,True,1373
20082,46,management,divorced,tertiary,no,1297,no,no,-1,0,unknown,1,0.14966676129861134,True,1374
23072,42,management,divorced,tertiary,no,1243,no,no,-1,0,unknown,1,0.14966676129861134,True,1375
10480,41,management,divorced,tertiary,no,1401,no,no,-1,0,unknown,0,0.14966676129861134,True,1376
10396,43,management,divorced,tertiary,no,1052,no,no,-1,0,unknown,0,0.14966676129861134,True,1377
20081,44,management,divorced,tertiary,no,935,no,no,-1,0,unknown,0,0.14966676129861134,True,1378
21353,42,management,divorced,tertiary,no,1064,no,no,-1,0,unknown,0,0.14966676129861134,True,1379
18898,41,management,divorced,tertiary,no,934,no,no,-1,0,unknown,0,0.14966676129861134,True,1380
40394,44,management,married,tertiary,no,2383,no,no,-1,0,unknown,1,0.1496617858591345,True,1381
44649,27,admin.,single,secondary,no,321,no,yes,-1,0,unknown,0,0.14963370355677097,True,1382
31913,55,self-employed,married,secondary,no,2408,no,no,140,1,failure,0,0.14957235968224042,True,1383
43101,30,technician,single,secondary,no,341,no,no,-1,0,unknown,0,0.1493442697455784,True,1384
26688,30,services,single,secondary,no,370,no,no,-1,0,unknown,0,0.1493442697455784,True,1385
21019,40,technician,single,tertiary,no,539,no,no,-1,0,unknown,0,0.14934419028419443,True,1386
8764,28,admin.,single,tertiary,no,4,no,no,-1,0,unknown,0,0.14921899718422788,True,1387
39627,36,technician,single,secondary,no,144,no,no,308,2,failure,0,0.14902809877921497,True,1388
29745,40,technician,divorced,tertiary,no,1082,no,no,-1,0,unknown,0,0.14896396013627408,True,1389
22039,43,technician,divorced,tertiary,no,1088,no,no,-1,0,unknown,0,0.14896396013627408,True,1390
42621,47,services,divorced,tertiary,no,1639,no,no,-1,0,unknown,1,0.14896396013627408,True,1391
14807,34,management,single,tertiary,no,431,no,no,-1,0,unknown,0,0.14889451653550395,True,1392
23915,33,management,single,tertiary,no,335,no,no,-1,0,unknown,0,0.14889451653550395,True,1393
22189,32,management,single,tertiary,no,438,no,no,-1,0,unknown,0,0.14889451653550395,True,1394
21202,34,management,single,tertiary,no,454,no,no,-1,0,unknown,0,0.14889451653550395,True,1395
20465,36,management,single,tertiary,no,419,no,no,-1,0,unknown,0,0.14889451653550395,True,1396
19709,32,management,single,tertiary,no,312,no,no,-1,0,unknown,0,0.14889451653550395,True,1397
14325,34,management,single,tertiary,no,344,no,no,-1,0,unknown,0,0.14889451653550395,True,1398
25740,53,self-employed,married,tertiary,no,3711,no,no,-1,0,unknown,0,0.14884509504962265,True,1399
9846,50,technician,married,tertiary,no,3117,no,no,-1,0,unknown,0,0.14884509504962265,True,1400
12221,56,retired,married,tertiary,no,5769,no,no,-1,0,unknown,0,0.14884509504962265,True,1401
40285,35,services,single,secondary,no,1701,yes,no,67,3,other,0,0.1487929732504687,True,1402
19730,33,technician,divorced,secondary,no,801,no,no,-1,0,unknown,1,0.14870078368055098,True,1403
10416,35,blue-collar,married,tertiary,no,2999,no,no,-1,0,unknown,1,0.14864775772801017,True,1404
26013,57,management,married,tertiary,no,12048,no,no,-1,0,unknown,0,0.14838252907144053,True,1405
44950,32,student,single,secondary,no,1102,no,no,-1,0,unknown,1,0.148372156545755,True,1406
25353,56,retired,married,secondary,no,728,no,no,110,15,failure,0,0.14836251277189083,True,1407
31067,27,admin.,single,tertiary,no,4991,yes,no,-1,0,unknown,0,0.14828852084439023,True,1408
21978,37,management,single,tertiary,no,361,no,no,-1,0,unknown,0,0.1482114851278815,True,1409
34080,47,technician,married,tertiary,no,2408,no,no,-1,0,unknown,1,0.1480541425037154,True,1410
21469,45,technician,married,tertiary,no,2359,no,no,-1,0,unknown,0,0.1480541425037154,True,1411
41893,60,management,married,secondary,no,0,no,no,62,3,failure,0,0.14797385523509085,True,1412
11265,58,management,married,tertiary,no,2729,no,no,-1,0,unknown,0,0.1479475301724126,True,1413
24340,50,management,married,tertiary,no,2479,no,no,-1,0,unknown,0,0.1479475301724126,True,1414
39603,50,management,married,tertiary,no,2635,no,no,-1,0,unknown,0,0.1479475301724126,True,1415
29662,59,management,single,tertiary,no,705,no,no,-1,0,unknown,0,0.14784784606195242,True,1416
21466,37,technician,single,tertiary,no,453,no,no,-1,0,unknown,0,0.14751433212317566,True,1417
43363,39,technician,single,tertiary,no,393,no,no,-1,0,unknown,1,0.14751433212317566,True,1418
11161,59,management,divorced,tertiary,no,1304,no,no,-1,0,unknown,0,0.14747076515200963,True,1419
10306,57,retired,single,secondary,no,5305,no,no,-1,0,unknown,0,0.14744873539099598,True,1420
19265,37,technician,divorced,secondary,no,4965,no,no,-1,0,unknown,0,0.14743571535259728,True,1421
25803,33,management,single,secondary,no,8004,no,no,-1,0,unknown,0,0.14738112573413437,True,1422
2757,30,blue-collar,single,secondary,yes,447,no,no,-1,0,unknown,0,0.1473474231799384,True,1423
39491,30,blue-collar,single,secondary,no,411,no,no,-1,0,unknown,0,0.1473474231799384,True,1424
24112,35,blue-collar,single,secondary,no,3623,no,no,-1,0,unknown,1,0.14725292907073162,True,1425
27781,29,admin.,single,tertiary,no,8,no,no,-1,0,unknown,0,0.14690082458366938,True,1426
20446,58,management,married,tertiary,no,5942,no,no,-1,0,unknown,0,0.14682208651670337,True,1427
33830,55,management,married,tertiary,no,6770,no,no,-1,0,unknown,0,0.14682208651670337,True,1428
9594,53,management,married,tertiary,no,7067,no,no,-1,0,unknown,0,0.14682208651670337,True,1429
26367,52,management,married,tertiary,no,6922,no,no,-1,0,unknown,0,0.14682208651670337,True,1430
24907,35,technician,single,secondary,no,7530,no,no,-1,0,unknown,0,0.1466872059258432,True,1431
38717,27,student,single,tertiary,no,4869,yes,no,343,4,other,0,0.14661338403533325,True,1432
18026,60,retired,divorced,secondary,no,1091,no,no,-1,0,unknown,1,0.14660338620317034,True,1433
19952,31,technician,single,secondary,no,942,no,no,-1,0,unknown,0,0.1465931352510692,True,1434
25847,38,blue-collar,single,unknown,no,5338,no,no,-1,0,unknown,0,0.14657613130285962,True,1435
26978,39,blue-collar,single,secondary,no,4619,no,no,-1,0,unknown,0,0.14657613130285962,True,1436
42382,51,technician,married,tertiary,no,2506,no,no,-1,0,unknown,0,0.14635513172863102,True,1437
24973,58,self-employed,married,tertiary,no,2596,no,no,-1,0,unknown,0,0.14635513172863102,True,1438
33488,49,technician,married,tertiary,no,2611,no,no,-1,0,unknown,1,0.14635513172863102,True,1439
43097,60,management,married,secondary,no,0,no,no,126,6,failure,0,0.14609239935627985,True,1440
12226,39,technician,single,secondary,no,10236,no,no,-1,0,unknown,0,0.146012563096982,True,1441
39695,26,student,single,secondary,no,0,no,no,-1,0,unknown,0,0.1459828407731958,True,1442
27924,27,student,single,secondary,no,3,no,no,-1,0,unknown,0,0.1459828407731958,True,1443
40646,25,student,single,secondary,no,41,yes,no,93,2,failure,0,0.14593574941244575,True,1444
11498,45,management,married,tertiary,no,9711,no,no,-1,0,unknown,0,0.14584247878128445,True,1445
40044,40,management,married,tertiary,no,8963,no,no,-1,0,unknown,0,0.14584247878128445,True,1446
26750,42,management,married,tertiary,no,9009,no,no,-1,0,unknown,0,0.14584247878128445,True,1447
43612,50,technician,married,secondary,no,402,no,no,180,2,failure,0,0.14575614938445908,True,1448
11981,37,blue-collar,single,tertiary,no,344,no,no,-1,0,unknown,0,0.14553776707122135,True,1449
11779,57,admin.,married,tertiary,no,9311,no,no,-1,0,unknown,0,0.14543551023391924,True,1450
21637,49,admin.,married,tertiary,no,8413,no,no,-1,0,unknown,0,0.14543551023391924,True,1451
14640,27,services,single,secondary,no,1928,no,yes,-1,0,unknown,0,0.1453512418719186,True,1452
27982,59,blue-collar,married,primary,no,699,no,no,154,6,failure,0,0.14531077240604037,True,1453
27656,50,entrepreneur,married,tertiary,no,6825,no,no,-1,0,unknown,0,0.14523973667867246,True,1454
20761,53,retired,married,tertiary,no,7132,no,no,-1,0,unknown,0,0.14523973667867246,True,1455
32901,31,management,single,tertiary,no,1130,yes,no,74,4,failure,0,0.14510183163097742,True,1456
32133,36,self-employed,married,tertiary,no,11387,no,no,-1,0,unknown,0,0.14488062537706586,True,1457
30935,54,blue-collar,married,secondary,no,2047,no,no,194,6,failure,0,0.14480127567765122,True,1458
14653,33,student,single,tertiary,no,71,no,no,-1,0,unknown,0,0.14478737879684106,True,1459
11078,36,blue-collar,single,secondary,no,2596,no,no,-1,0,unknown,0,0.1447850697206504,True,1460
14890,31,admin.,divorced,secondary,no,1210,no,no,-1,0,unknown,0,0.14475512178485747,True,1461
40508,31,blue-collar,single,secondary,no,2093,no,no,-1,0,unknown,0,0.1446268193745865,True,1462
35305,31,blue-collar,single,secondary,no,1882,no,no,-1,0,unknown,0,0.1446268193745865,True,1463
7218,31,blue-collar,single,secondary,no,2137,no,no,-1,0,unknown,0,0.1446268193745865,True,1464
40827,33,admin.,divorced,secondary,no,661,yes,no,99,7,failure,0,0.1445985378107865,True,1465
27158,39,unknown,single,unknown,no,2822,no,no,-1,0,unknown,0,0.1445916881024607,True,1466
20861,52,management,single,tertiary,no,556,no,no,-1,0,unknown,0,0.1445387195803386,True,1467
21015,50,management,single,tertiary,no,490,no,no,-1,0,unknown,0,0.1445387195803386,True,1468
23739,49,management,single,tertiary,no,588,no,no,-1,0,unknown,0,0.1445387195803386,True,1469
31273,26,management,single,secondary,no,651,no,yes,-1,0,unknown,0,0.144509061204577,True,1470
41990,38,blue-collar,single,secondary,no,0,no,no,75,3,failure,1,0.14450756075568674,True,1471
39866,40,unemployed,single,tertiary,no,7968,no,no,-1,0,unknown,1,0.14439550227499975,True,1472
12481,29,self-employed,single,tertiary,no,392,no,yes,-1,0,unknown,0,0.14427187155613877,True,1473
33749,42,self-employed,married,tertiary,no,10072,no,no,-1,0,unknown,0,0.14426890125817968,True,1474
19182,51,management,divorced,tertiary,no,1028,no,no,-1,0,unknown,0,0.14416865062190262,True,1475
11636,49,management,divorced,tertiary,no,1115,no,no,-1,0,unknown,0,0.14416865062190262,True,1476
29295,54,management,divorced,tertiary,no,2037,no,no,-1,0,unknown,0,0.14416865062190262,True,1477
22046,53,management,divorced,tertiary,no,913,no,no,-1,0,unknown,0,0.14416865062190262,True,1478
22540,55,management,divorced,tertiary,no,1598,no,no,-1,0,unknown,0,0.14416865062190262,True,1479
39897,55,management,divorced,tertiary,no,1633,no,no,-1,0,unknown,0,0.14416865062190262,True,1480
30816,31,admin.,single,secondary,no,476,no,no,-1,0,unknown,0,0.14397675754856487,True,1481
30800,31,admin.,single,secondary,no,690,no,no,-1,0,unknown,0,0.14397675754856487,True,1482
24460,35,services,single,secondary,no,2223,no,no,-1,0,unknown,0,0.14389378492696647,True,1483
31023,31,management,divorced,tertiary,no,373,no,no,-1,0,unknown,1,0.14383726845934477,True,1484
20273,31,management,divorced,tertiary,no,416,no,no,-1,0,unknown,0,0.14383726845934477,True,1485
43218,60,admin.,married,secondary,no,12980,no,no,-1,0,unknown,1,0.14373987884899647,True,1486
16177,29,services,married,secondary,no,1432,no,no,-1,0,unknown,0,0.1437167833710009,True,1487
38904,29,management,single,tertiary,no,4210,yes,no,-1,0,unknown,0,0.14369958495059576,True,1488
34699,29,management,single,tertiary,no,2799,yes,no,-1,0,unknown,0,0.14369958495059576,True,1489
10279,53,self-employed,divorced,tertiary,no,1841,no,no,-1,0,unknown,0,0.14348731076784466,True,1490
11077,57,entrepreneur,divorced,tertiary,no,873,no,no,-1,0,unknown,0,0.14348731076784466,True,1491
17838,58,retired,divorced,tertiary,no,1321,no,no,-1,0,unknown,0,0.14348731076784466,True,1492
31169,36,admin.,married,secondary,no,725,yes,no,99,8,failure,0,0.14341012628857175,True,1493
45147,42,admin.,divorced,secondary,no,490,yes,no,97,5,other,0,0.14335986456592795,True,1494
28098,51,admin.,single,tertiary,no,394,no,no,-1,0,unknown,1,0.14323631877431087,True,1495
29582,60,services,divorced,secondary,no,758,no,no,-1,0,unknown,0,0.14316745313679924,True,1496
9616,48,admin.,divorced,secondary,no,2662,no,no,-1,0,unknown,0,0.14315699115972277,True,1497
8386,29,technician,single,tertiary,no,2893,yes,no,-1,0,unknown,0,0.1430200914420245,True,1498
39865,26,technician,married,secondary,no,915,no,no,-1,0,unknown,1,0.1430040294367346,True,1499
27887,51,admin.,married,secondary,no,176,no,no,183,2,failure,0,0.14294899278762271,True,1500
42804,56,retired,divorced,primary,no,694,no,no,102,1,other,1,0.1429164985138404,True,1501
29509,50,entrepreneur,married,tertiary,no,2442,no,no,-1,0,unknown,0,0.14260533751191945,True,1502
27788,26,self-employed,single,tertiary,no,25,no,no,-1,0,unknown,0,0.14257931377094393,True,1503
41876,46,blue-collar,married,tertiary,no,3745,no,no,-1,0,unknown,0,0.14252191119447638,True,1504
9828,60,management,married,unknown,no,2508,no,no,-1,0,unknown,0,0.14245738226906665,True,1505
37211,28,management,single,tertiary,no,4937,yes,no,-1,0,unknown,0,0.14235754276491366,True,1506
44712,34,unemployed,single,unknown,no,517,no,no,-1,0,unknown,0,0.1423091036628878,True,1507
29607,36,unemployed,single,tertiary,no,221,no,no,-1,0,unknown,0,0.1422845850377381,True,1508
26906,44,services,single,secondary,no,5045,yes,no,175,15,other,0,0.14217505120977608,True,1509
22761,30,management,married,tertiary,no,604,no,no,-1,0,unknown,0,0.14216434204188896,True,1510
39094,24,admin.,single,secondary,no,3505,yes,no,355,1,other,0,0.14215645316471895,True,1511
37034,30,technician,single,secondary,no,115,no,no,351,1,failure,0,0.14210031595025935,True,1512
35609,45,technician,divorced,secondary,no,3271,no,no,-1,0,unknown,0,0.14200821253951262,True,1513
11509,47,technician,divorced,secondary,no,5735,no,no,-1,0,unknown,0,0.14200821253951262,True,1514
9932,43,services,divorced,secondary,no,5571,no,no,-1,0,unknown,0,0.14200821253951262,True,1515
17686,37,unemployed,married,tertiary,no,1236,no,no,-1,0,unknown,0,0.14192893863410588,True,1516
28099,29,services,married,secondary,no,376,no,yes,183,4,failure,0,0.14179751524691006,True,1517
24257,37,management,married,tertiary,yes,0,no,no,123,2,failure,0,0.1417748060068543,True,1518
29281,31,management,married,tertiary,no,4015,yes,no,241,3,other,0,0.14172334378318205,True,1519
16277,28,services,single,tertiary,no,2938,yes,no,-1,0,unknown,0,0.14168334519806408,True,1520
7109,27,technician,single,tertiary,no,3083,yes,no,-1,0,unknown,0,0.14168334519806408,True,1521
31073,27,student,single,tertiary,no,3733,yes,no,-1,0,unknown,1,0.14168334519806408,True,1522
43131,52,admin.,single,unknown,no,2227,no,no,-1,0,unknown,1,0.14143957843745025,True,1523
20296,32,management,single,secondary,no,2018,no,no,-1,0,unknown,1,0.14143867988852027,True,1524
27612,36,management,single,secondary,no,1785,no,no,-1,0,unknown,0,0.14143867988852027,True,1525
21197,32,management,single,secondary,no,1473,no,no,-1,0,unknown,0,0.14143867988852027,True,1526
11366,60,management,married,unknown,no,6313,no,no,-1,0,unknown,0,0.14136677325261598,True,1527
18996,42,management,single,secondary,no,9720,no,no,-1,0,unknown,0,0.14129881434085514,True,1528
39903,45,management,single,secondary,no,5993,no,no,-1,0,unknown,0,0.14129881434085514,True,1529
11162,56,entrepreneur,single,unknown,no,2351,no,no,-1,0,unknown,0,0.1412578000458021,True,1530
13568,30,unemployed,married,secondary,no,1210,no,no,-1,0,unknown,0,0.14115122455011853,True,1531
29204,29,management,single,tertiary,no,29,no,no,-1,0,unknown,0,0.1410161596368979,True,1532
40071,29,management,married,tertiary,no,205,no,no,-1,0,unknown,1,0.14091578406901728,True,1533
13148,28,blue-collar,married,secondary,no,2322,no,no,-1,0,unknown,0,0.14085182631920354,True,1534
36202,45,admin.,married,primary,no,542,no,no,350,3,other,0,0.14080438573181722,True,1535
43495,34,technician,single,secondary,no,1313,no,no,-1,0,unknown,0,0.14076811974765496,True,1536
43857,34,technician,single,secondary,no,1087,no,no,-1,0,unknown,0,0.14076811974765496,True,1537
39492,56,retired,divorced,tertiary,no,13094,no,no,-1,0,unknown,1,0.14066120521496467,True,1538
19888,44,technician,single,secondary,no,7138,no,no,-1,0,unknown,1,0.14062880868855274,True,1539
19879,40,technician,single,secondary,no,8259,no,no,-1,0,unknown,0,0.14062880868855274,True,1540
40740,27,admin.,single,secondary,no,80,no,no,-1,0,unknown,0,0.14053908285040748,True,1541
27883,26,admin.,single,secondary,no,52,no,no,-1,0,unknown,0,0.14053908285040748,True,1542
28990,28,admin.,single,secondary,no,53,no,no,-1,0,unknown,0,0.14053908285040748,True,1543
19453,51,management,married,tertiary,no,10077,no,no,-1,0,unknown,0,0.14046164939199615,True,1544
28374,28,entrepreneur,married,unknown,no,1034,no,no,-1,0,unknown,0,0.14043600242422177,True,1545
31394,46,management,married,tertiary,no,11385,no,no,-1,0,unknown,1,0.14040918498690622,True,1546
12116,38,services,single,secondary,no,1315,no,no,-1,0,unknown,0,0.14011622984824615,True,1547
18199,38,technician,single,unknown,no,1923,no,no,-1,0,unknown,0,0.14011622984824615,True,1548
10943,37,entrepreneur,single,secondary,no,926,no,no,-1,0,unknown,0,0.14011622984824615,True,1549
29948,37,services,single,secondary,no,1045,no,no,-1,0,unknown,0,0.14011622984824615,True,1550
30290,39,entrepreneur,single,secondary,no,829,no,no,-1,0,unknown,0,0.14011622984824615,True,1551
43796,28,technician,married,secondary,no,742,no,no,-1,0,unknown,1,0.14007046535093293,True,1552
14042,59,admin.,divorced,tertiary,no,39,no,no,-1,0,unknown,0,0.13996619435865493,True,1553
44945,60,retired,married,secondary,no,7038,no,no,-1,0,unknown,0,0.13983358098620988,True,1554
17462,60,self-employed,married,secondary,no,3105,no,no,-1,0,unknown,0,0.13979624748124642,True,1555
19690,45,technician,divorced,secondary,no,2657,no,no,-1,0,unknown,1,0.13961386022491337,True,1556
28410,28,management,single,tertiary,no,278,no,yes,-1,0,unknown,0,0.1396033815891544,True,1557
39760,26,management,single,tertiary,no,1274,yes,no,84,1,failure,0,0.13955052694378575,True,1558
26933,54,technician,single,secondary,no,2237,no,no,-1,0,unknown,0,0.13944664672303445,True,1559
26613,32,admin.,single,secondary,no,781,no,no,-1,0,unknown,0,0.13935018941683916,True,1560
20879,43,management,divorced,tertiary,no,666,no,no,-1,0,unknown,0,0.1391880399158376,True,1561
3475,42,management,divorced,tertiary,no,497,no,no,-1,0,unknown,0,0.1391880399158376,True,1562
2227,23,student,single,tertiary,no,250,yes,no,-1,0,unknown,0,0.13916765444474913,True,1563
28083,35,admin.,divorced,secondary,no,1803,no,no,-1,0,unknown,0,0.1389912464947401,True,1564
10023,35,housemaid,single,unknown,no,4378,no,no,-1,0,unknown,0,0.13894446163560356,True,1565
25046,49,self-employed,married,tertiary,no,8142,no,no,-1,0,unknown,0,0.1389366852152184,True,1566
9003,49,entrepreneur,married,tertiary,no,9824,no,no,-1,0,unknown,0,0.1389366852152184,True,1567
20516,30,technician,single,secondary,no,281,no,no,-1,0,unknown,0,0.13893213137662125,True,1568
9861,36,blue-collar,single,unknown,no,2054,no,no,-1,0,unknown,0,0.13886722332797813,True,1569
9681,35,blue-collar,single,secondary,no,1017,no,no,-1,0,unknown,0,0.13886722332797813,True,1570
29243,32,blue-collar,single,secondary,no,2142,no,no,-1,0,unknown,0,0.13886722332797813,True,1571
26374,45,admin.,divorced,secondary,no,8032,no,no,-1,0,unknown,0,0.1388534097431441,True,1572
24854,46,admin.,divorced,secondary,no,7378,no,no,-1,0,unknown,0,0.1388534097431441,True,1573
39932,58,technician,married,tertiary,no,12322,no,no,-1,0,unknown,0,0.138844304533458,True,1574
29700,51,retired,single,secondary,no,5885,no,no,-1,0,unknown,0,0.13881081512853446,True,1575
30813,28,blue-collar,married,secondary,no,1134,no,no,-1,0,unknown,0,0.13853886771705334,True,1576
22339,46,technician,divorced,tertiary,no,532,no,no,-1,0,unknown,0,0.13852642843052587,True,1577
22958,34,management,single,tertiary,no,250,no,no,-1,0,unknown,0,0.13850862890458498,True,1578
31804,33,management,single,tertiary,no,259,no,no,-1,0,unknown,0,0.13850862890458498,True,1579
41468,34,management,single,tertiary,no,268,no,no,-1,0,unknown,1,0.13850862890458498,True,1580
37744,41,blue-collar,single,secondary,no,1880,no,yes,356,10,other,0,0.13834308640363108,True,1581
36882,25,student,single,secondary,no,1116,yes,no,71,3,failure,0,0.13833060865713215,True,1582
37252,38,blue-collar,single,secondary,no,1137,no,no,-1,0,unknown,0,0.13822272027031338,True,1583
11280,39,blue-collar,single,secondary,no,1967,no,no,-1,0,unknown,0,0.13822272027031338,True,1584
11320,38,blue-collar,single,secondary,no,1121,no,no,-1,0,unknown,0,0.13822272027031338,True,1585
5026,39,blue-collar,single,secondary,no,1961,no,no,-1,0,unknown,0,0.13822272027031338,True,1586
22202,33,management,divorced,tertiary,no,433,no,no,-1,0,unknown,0,0.13810403875277913,True,1587
10717,60,retired,single,primary,no,470,no,no,-1,0,unknown,0,0.13801344507497829,True,1588
41878,37,management,single,tertiary,no,254,no,no,-1,0,unknown,0,0.13786552368685662,True,1589
40500,39,management,single,tertiary,no,257,no,no,-1,0,unknown,0,0.13786552368685662,True,1590
20190,35,technician,single,tertiary,no,272,no,no,-1,0,unknown,0,0.13784972973982454,True,1591
31326,33,technician,single,tertiary,no,258,no,no,-1,0,unknown,1,0.13784972973982454,True,1592
28060,34,services,single,tertiary,no,239,no,no,-1,0,unknown,0,0.13784972973982454,True,1593
18790,41,unemployed,divorced,secondary,no,1281,no,no,-1,0,unknown,0,0.1377868889652678,True,1594
23885,55,management,single,tertiary,no,430,no,no,-1,0,unknown,0,0.13747479365144297,True,1595
25880,58,management,divorced,unknown,no,3498,no,no,-1,0,unknown,0,0.13740066500969209,True,1596
43120,54,technician,married,secondary,no,65,no,no,91,3,failure,0,0.13723450264009754,True,1597
16336,31,admin.,single,secondary,no,5248,no,yes,-1,0,unknown,0,0.1371961035300039,True,1598
369,23,student,single,secondary,no,157,yes,no,-1,0,unknown,0,0.13716153033737097,True,1599
24095,30,admin.,married,secondary,no,1310,no,no,-1,0,unknown,0,0.13710880947547666,True,1600
7053,24,self-employed,single,tertiary,no,931,yes,no,-1,0,unknown,0,0.13709085425230322,True,1601
38680,38,management,married,secondary,no,341,no,no,346,2,failure,0,0.13694629017997428,True,1602
16478,31,admin.,single,secondary,no,378,no,no,-1,0,unknown,0,0.13693589965795905,True,1603
29095,47,admin.,single,secondary,no,15,no,no,266,4,failure,0,0.1369297589501969,True,1604
44841,35,student,single,secondary,no,278,no,no,-1,0,unknown,0,0.13684952486130292,True,1605
40463,33,student,single,unknown,no,242,no,no,-1,0,unknown,0,0.13684952486130292,True,1606
12111,50,retired,divorced,secondary,no,4861,no,no,-1,0,unknown,0,0.13674619991073303,True,1607
2058,30,blue-collar,married,primary,no,2581,no,no,-1,0,unknown,0,0.1366258239289003,True,1608
40533,58,retired,married,secondary,no,1227,no,no,156,1,failure,0,0.13658984898777335,True,1609
43769,31,blue-collar,single,secondary,no,411,no,no,361,1,failure,0,0.13654894129060335,True,1610
24277,58,management,married,tertiary,no,2764,no,no,-1,0,unknown,0,0.13653010387999134,True,1611
27669,31,management,married,tertiary,no,1402,no,no,-1,0,unknown,0,0.13632728073917905,True,1612
25524,30,management,single,tertiary,no,4319,yes,no,-1,0,unknown,0,0.13630249215491416,True,1613
6805,30,management,single,tertiary,no,5288,yes,no,-1,0,unknown,0,0.13630249215491416,True,1614
18745,31,services,single,secondary,no,712,no,no,-1,0,unknown,0,0.13629511721810264,True,1615
29164,31,technician,single,secondary,no,775,no,no,-1,0,unknown,0,0.13629511721810264,True,1616
23029,31,technician,single,secondary,no,798,no,no,-1,0,unknown,0,0.13629511721810264,True,1617
19649,31,technician,single,secondary,no,754,no,no,-1,0,unknown,0,0.13629511721810264,True,1618
40832,55,technician,single,secondary,no,1199,no,yes,99,10,failure,0,0.13602997717212637,True,1619
44988,27,unemployed,single,primary,no,93,no,no,-1,0,unknown,0,0.13593721699291178,True,1620
20985,41,management,divorced,tertiary,no,20479,no,no,-1,0,unknown,0,0.13586562632501392,True,1621
24895,35,admin.,married,secondary,no,4463,no,no,-1,0,unknown,0,0.13572792233525374,True,1622
29208,33,admin.,married,secondary,no,3519,no,no,-1,0,unknown,0,0.13572792233525374,True,1623
40703,59,retired,married,unknown,no,1116,no,no,99,1,failure,0,0.13568670114514772,True,1624
17425,30,technician,single,tertiary,no,4321,yes,no,-1,0,unknown,0,0.13565243526245963,True,1625
18275,41,management,single,secondary,no,1138,no,no,-1,0,unknown,0,0.13556261675921727,True,1626
19413,41,management,single,secondary,no,911,no,no,-1,0,unknown,0,0.13556261675921727,True,1627
12336,54,services,single,secondary,no,8289,no,no,-1,0,unknown,0,0.13540984216214735,True,1628
12159,38,services,divorced,unknown,no,6360,no,no,-1,0,unknown,1,0.135397716354137,True,1629
11828,36,blue-collar,single,secondary,no,7123,no,no,-1,0,unknown,0,0.13522748722494232,True,1630
42972,36,student,single,unknown,no,417,no,no,-1,0,unknown,1,0.13520961888190364,True,1631
39398,31,services,single,secondary,no,658,no,no,-1,0,unknown,0,0.13520433025265113,True,1632
21984,30,management,married,tertiary,no,294,no,no,-1,0,unknown,0,0.13519811791071823,True,1633
18955,54,management,married,tertiary,no,11391,no,no,-1,0,unknown,0,0.13519708679789566,True,1634
31195,37,admin.,married,secondary,no,3427,no,no,-1,0,unknown,0,0.13509570347721128,True,1635
8795,25,management,single,tertiary,no,493,yes,no,-1,0,unknown,0,0.1349718862251352,True,1636
31936,25,management,single,tertiary,no,565,yes,no,-1,0,unknown,0,0.1349718862251352,True,1637
12123,45,services,single,secondary,no,1515,no,no,-1,0,unknown,0,0.13491553730053166,True,1638
24543,42,services,single,secondary,no,877,no,no,-1,0,unknown,0,0.13491553730053166,True,1639
25467,46,technician,single,secondary,no,874,no,no,-1,0,unknown,1,0.13491553730053166,True,1640
12064,40,retired,single,secondary,no,1400,no,no,-1,0,unknown,0,0.13491553730053166,True,1641
41491,56,retired,married,unknown,no,230,no,no,92,2,failure,0,0.1349055373431054,True,1642
19118,38,admin.,married,tertiary,no,1980,no,no,-1,0,unknown,0,0.13490328743802646,True,1643
22646,31,technician,married,tertiary,no,1385,no,no,-1,0,unknown,0,0.13484016108182542,True,1644
22939,41,management,married,tertiary,no,2251,no,no,-1,0,unknown,0,0.13463533715032203,True,1645
18484,47,management,married,tertiary,no,2261,no,no,-1,0,unknown,0,0.13463533715032203,True,1646
6986,24,services,single,tertiary,no,1385,yes,no,-1,0,unknown,0,0.13461233510056775,True,1647
25689,32,technician,married,secondary,no,524,no,no,106,1,failure,0,0.13460055445781555,True,1648
21301,31,management,married,tertiary,no,927,no,no,-1,0,unknown,0,0.13445810815413878,True,1649
24398,31,management,married,tertiary,no,898,no,no,-1,0,unknown,0,0.13445810815413878,True,1650
18989,55,technician,divorced,secondary,no,2730,no,no,-1,0,unknown,0,0.13442666815909504,True,1651
42976,38,admin.,single,tertiary,no,3954,yes,no,182,3,failure,0,0.13440088430688243,True,1652
40371,58,management,married,secondary,no,111,no,no,90,2,failure,0,0.1341884736232942,True,1653
7273,25,services,single,secondary,no,2798,yes,no,-1,0,unknown,0,0.13414484747188443,True,1654
17263,25,services,single,secondary,no,5533,yes,no,-1,0,unknown,0,0.13414484747188443,True,1655
3834,24,technician,single,secondary,no,3926,yes,no,-1,0,unknown,0,0.13414484747188443,True,1656
6813,25,services,single,secondary,no,3217,yes,no,-1,0,unknown,0,0.13414484747188443,True,1657
10558,60,admin.,married,secondary,no,504,no,no,-1,0,unknown,0,0.13408445110248096,True,1658
9626,52,management,divorced,tertiary,no,590,no,no,-1,0,unknown,0,0.1340142044467903,True,1659
874,55,management,divorced,tertiary,no,552,no,no,-1,0,unknown,0,0.1340142044467903,True,1660
20887,30,entrepreneur,married,tertiary,no,366,no,no,-1,0,unknown,0,0.13372140858119566,True,1661
10910,38,blue-collar,divorced,secondary,no,2641,no,no,-1,0,unknown,0,0.1336190506334764,True,1662
37712,29,management,single,tertiary,no,21,yes,no,371,3,failure,0,0.1335453551561256,True,1663
40814,60,technician,married,tertiary,no,6573,yes,no,274,1,failure,0,0.1333970918066323,True,1664
27201,57,retired,divorced,tertiary,no,476,no,no,-1,0,unknown,0,0.1333733756520272,True,1665
28467,28,technician,single,secondary,no,250,no,yes,-1,0,unknown,0,0.13321997803298694,True,1666
26496,42,blue-collar,single,secondary,no,985,no,no,-1,0,unknown,0,0.13308143187548657,True,1667
26851,45,blue-collar,single,unknown,no,816,no,no,-1,0,unknown,0,0.13308143187548657,True,1668
30693,31,self-employed,married,tertiary,no,1134,no,no,-1,0,unknown,0,0.13298823866070458,True,1669
23085,41,management,single,tertiary,no,236,no,no,-1,0,unknown,0,0.13273547505670638,True,1670
30486,30,admin.,married,tertiary,no,285,no,no,-1,0,unknown,0,0.13268737836631214,True,1671
28981,50,unemployed,divorced,unknown,no,1088,no,no,-1,0,unknown,1,0.13265711010601297,True,1672
39846,54,unemployed,divorced,secondary,no,1664,no,no,-1,0,unknown,1,0.13265711010601297,True,1673
30278,54,unemployed,divorced,secondary,no,925,no,no,-1,0,unknown,0,0.13265711010601297,True,1674
39391,59,management,married,tertiary,no,2239,no,no,-1,0,unknown,1,0.1326254917668453,True,1675
14314,28,management,single,secondary,no,62,no,no,-1,0,unknown,0,0.13257883754762786,True,1676
40542,60,admin.,married,secondary,no,1541,no,no,-1,0,unknown,0,0.13257398715651686,True,1677
3160,20,student,single,tertiary,no,79,yes,no,-1,0,unknown,0,0.1325210603818237,True,1678
39420,46,admin.,single,secondary,no,533,no,no,-1,0,unknown,0,0.13247522672503584,True,1679
21498,60,retired,married,tertiary,no,225,no,no,-1,0,unknown,0,0.13236854516777127,True,1680
20593,60,technician,married,tertiary,no,131,no,no,-1,0,unknown,0,0.13236854516777127,True,1681
37014,27,blue-collar,single,secondary,no,2,no,no,366,10,other,0,0.13234773588945942,True,1682
3687,27,student,single,tertiary,no,66,yes,no,-1,0,unknown,0,0.13232487484615854,True,1683
23475,32,management,married,tertiary,no,2213,no,no,-1,0,unknown,0,0.1322924468134889,True,1684
21144,36,management,married,tertiary,no,2195,no,no,-1,0,unknown,0,0.1322924468134889,True,1685
41399,34,services,single,secondary,no,528,yes,no,100,5,other,1,0.13218711700759325,True,1686
40507,31,services,married,secondary,no,132,no,no,152,1,other,0,0.13212431031090746,True,1687
21295,60,blue-collar,married,secondary,no,5450,no,no,-1,0,unknown,0,0.13208938313000404,True,1688
10108,60,blue-collar,married,unknown,no,3538,no,no,-1,0,unknown,0,0.13208938313000404,True,1689
13109,27,services,single,secondary,no,87,no,no,-1,0,unknown,0,0.1319438266258437,True,1690
30270,27,technician,single,secondary,no,63,no,no,-1,0,unknown,0,0.1319438266258437,True,1691
27999,32,unemployed,divorced,secondary,no,527,no,no,-1,0,unknown,0,0.1319219009317618,True,1692
14993,38,blue-collar,single,tertiary,no,14058,no,no,-1,0,unknown,0,0.13187883091286504,True,1693
30188,30,blue-collar,single,primary,no,296,no,no,-1,0,unknown,0,0.13178876940959272,True,1694
21746,41,technician,single,tertiary,no,15302,no,no,-1,0,unknown,0,0.13157732982802472,True,1695
29126,42,self-employed,single,secondary,no,924,no,no,-1,0,unknown,0,0.1315599477743066,True,1696
28138,34,admin.,single,secondary,no,407,no,no,-1,0,unknown,0,0.1314355227162666,True,1697
40104,30,admin.,married,secondary,no,779,yes,no,17,3,other,0,0.13127758160653683,True,1698
34134,25,technician,single,secondary,no,1105,yes,no,13,1,failure,0,0.13119629317796688,True,1699
30128,45,admin.,married,unknown,no,323,no,no,7,6,other,0,0.1311027760249081,True,1700
12740,42,blue-collar,divorced,secondary,no,3407,no,no,-1,0,unknown,0,0.13085797668774363,True,1701
20302,34,management,married,tertiary,no,1273,no,no,-1,0,unknown,0,0.1308476441920667,True,1702
20333,32,management,married,tertiary,no,1208,no,no,-1,0,unknown,0,0.1308476441920667,True,1703
20530,33,management,married,tertiary,no,1504,no,no,-1,0,unknown,0,0.1308476441920667,True,1704
30738,33,management,married,tertiary,no,1412,no,no,-1,0,unknown,0,0.1308476441920667,True,1705
41173,32,management,married,tertiary,no,1270,no,no,-1,0,unknown,1,0.1308476441920667,True,1706
42557,33,management,married,tertiary,no,1808,no,no,-1,0,unknown,1,0.1308476441920667,True,1707
25389,36,management,married,tertiary,no,1434,no,no,-1,0,unknown,0,0.1308476441920667,True,1708
22675,36,management,married,tertiary,no,1235,no,no,-1,0,unknown,0,0.1308476441920667,True,1709
21801,34,management,married,tertiary,no,1339,no,no,-1,0,unknown,0,0.1308476441920667,True,1710
22878,32,management,married,tertiary,no,1900,no,no,-1,0,unknown,0,0.1308476441920667,True,1711
20917,32,management,married,tertiary,no,1517,no,no,-1,0,unknown,0,0.1308476441920667,True,1712
376,38,admin.,single,secondary,no,393,no,no,-1,0,unknown,0,0.1308202714220914,True,1713
10679,38,admin.,single,secondary,no,439,no,no,-1,0,unknown,0,0.1308202714220914,True,1714
11201,36,services,single,secondary,no,755,no,no,-1,0,unknown,0,0.13081657765954938,True,1715
28734,32,services,single,secondary,no,717,no,no,-1,0,unknown,0,0.13081657765954938,True,1716
16031,30,management,single,tertiary,no,77,no,no,-1,0,unknown,0,0.13080099305847673,True,1717
31039,58,management,divorced,tertiary,no,26831,no,no,-1,0,unknown,0,0.13079652496431957,True,1718
15750,28,self-employed,single,tertiary,no,222,no,yes,-1,0,unknown,0,0.1307763347019942,True,1719
21165,30,services,single,secondary,no,188,no,no,-1,0,unknown,0,0.130768749417376,True,1720
27253,30,services,single,secondary,no,190,no,no,-1,0,unknown,0,0.130768749417376,True,1721
24618,38,management,single,tertiary,no,11971,yes,no,101,3,failure,0,0.1306888432032267,True,1722
18440,58,housemaid,married,tertiary,no,2858,no,no,-1,0,unknown,0,0.13068572662824152,True,1723
5779,28,management,single,tertiary,no,7544,yes,no,-1,0,unknown,0,0.13067062300813384,True,1724
24087,58,admin.,divorced,secondary,no,1947,no,no,-1,0,unknown,1,0.13065174450310926,True,1725
18727,59,admin.,married,secondary,no,4196,no,no,-1,0,unknown,0,0.13053484390239495,True,1726
9613,58,management,single,unknown,no,1873,no,no,-1,0,unknown,0,0.13050311325534444,True,1727
30413,34,services,divorced,secondary,no,1281,no,no,-1,0,unknown,0,0.13047628351277946,True,1728
13325,32,management,single,tertiary,no,191,no,no,-1,0,unknown,0,0.13036636364227486,True,1729
5363,32,management,single,tertiary,no,151,no,no,-1,0,unknown,0,0.13036636364227486,True,1730
21347,33,management,single,tertiary,no,134,no,no,-1,0,unknown,0,0.13036636364227486,True,1731
8682,32,management,single,tertiary,no,131,no,no,-1,0,unknown,0,0.13036636364227486,True,1732
17752,41,unemployed,single,secondary,no,295,no,no,-1,0,unknown,0,0.13028672857055273,True,1733
12247,36,unemployed,married,tertiary,no,4145,no,no,-1,0,unknown,1,0.1302363193046284,True,1734
20622,38,management,married,tertiary,no,1223,no,no,-1,0,unknown,1,0.1302347321427102,True,1735
19509,39,management,married,tertiary,no,1572,no,no,-1,0,unknown,0,0.1302347321427102,True,1736
26189,54,entrepreneur,divorced,tertiary,no,20527,no,no,-1,0,unknown,0,0.1301687697044604,True,1737
15564,26,blue-collar,single,secondary,no,49,no,no,-1,0,unknown,0,0.13014404240157845,True,1738
13906,27,blue-collar,single,secondary,no,87,no,no,-1,0,unknown,0,0.13014404240157845,True,1739
13833,27,blue-collar,single,secondary,no,48,no,no,-1,0,unknown,0,0.13014404240157845,True,1740
23485,34,unemployed,married,tertiary,no,473,no,no,-1,0,unknown,0,0.13009022515237897,True,1741
11602,47,admin.,married,secondary,no,4923,no,no,-1,0,unknown,0,0.13005317371457997,True,1742
15903,46,admin.,married,secondary,no,5169,no,no,-1,0,unknown,0,0.13005317371457997,True,1743
41575,40,admin.,married,secondary,no,4775,no,no,-1,0,unknown,1,0.13005317371457997,True,1744
10661,47,admin.,married,secondary,no,4307,no,no,-1,0,unknown,0,0.13005317371457997,True,1745
14494,29,technician,married,secondary,no,428,no,no,-1,0,unknown,0,0.13002802196815866,True,1746
40252,25,technician,single,tertiary,no,2206,yes,no,-1,0,unknown,0,0.12995413044303375,True,1747
27305,33,services,single,secondary,no,3269,no,yes,126,1,failure,0,0.129932293308004,True,1748
10069,53,retired,single,secondary,no,1846,no,no,-1,0,unknown,0,0.12987655580197272,True,1749
30520,50,technician,single,secondary,no,1022,no,no,-1,0,unknown,0,0.12987655580197272,True,1750
11999,55,services,single,secondary,no,1539,no,no,-1,0,unknown,0,0.12987655580197272,True,1751
23559,32,unemployed,single,tertiary,no,99,no,no,-1,0,unknown,0,0.12987559190769923,True,1752
34262,41,admin.,married,tertiary,no,1536,no,no,-1,0,unknown,0,0.12986686132518815,True,1753
25200,36,services,single,secondary,no,461,no,no,-1,0,unknown,0,0.1297630487947832,True,1754
19692,32,technician,single,secondary,no,554,no,no,-1,0,unknown,0,0.1297630487947832,True,1755
21584,38,management,single,tertiary,no,231,no,no,-1,0,unknown,0,0.12975536943271615,True,1756
22667,33,technician,single,tertiary,no,137,no,no,-1,0,unknown,0,0.12974036477086362,True,1757
21714,33,technician,single,tertiary,no,123,no,no,-1,0,unknown,0,0.12974036477086362,True,1758
23868,33,technician,single,tertiary,no,176,no,no,-1,0,unknown,0,0.12974036477086362,True,1759
34069,36,technician,single,tertiary,no,197,no,no,-1,0,unknown,1,0.12974036477086362,True,1760
22119,35,technician,single,tertiary,no,147,no,no,-1,0,unknown,0,0.12974036477086362,True,1761
39734,58,retired,married,secondary,no,3382,no,yes,309,2,failure,0,0.12973535830489702,True,1762
20588,50,management,married,tertiary,no,2296,no,no,-1,0,unknown,0,0.12960525300942596,True,1763
8870,26,student,single,secondary,no,-147,no,no,-1,0,unknown,0,0.12958595370098078,True,1764
38480,22,student,single,secondary,no,4038,yes,no,-1,0,unknown,0,0.12955997055519522,True,1765
1748,25,admin.,single,secondary,no,787,yes,no,-1,0,unknown,0,0.12942383870179214,True,1766
38138,23,admin.,single,secondary,no,738,yes,no,-1,0,unknown,0,0.12942383870179214,True,1767
3931,24,admin.,single,secondary,no,770,yes,no,-1,0,unknown,0,0.12942383870179214,True,1768
39942,35,technician,married,tertiary,no,1354,no,no,-1,0,unknown,1,0.12941134239540447,True,1769
19562,35,technician,married,tertiary,no,1654,no,no,-1,0,unknown,0,0.12941134239540447,True,1770
40485,36,self-employed,married,tertiary,no,1234,no,no,-1,0,unknown,0,0.12941134239540447,True,1771
40617,33,technician,married,tertiary,no,1699,no,no,-1,0,unknown,1,0.12941134239540447,True,1772
43425,57,retired,married,unknown,no,230,no,no,210,3,failure,1,0.12935928240496689,True,1773
9318,39,services,single,secondary,no,609,no,no,-1,0,unknown,0,0.12915446222813626,True,1774
31747,39,services,single,secondary,no,600,no,no,-1,0,unknown,0,0.12915446222813626,True,1775
37965,37,services,single,secondary,no,608,no,no,-1,0,unknown,0,0.12915446222813626,True,1776
1178,25,management,single,tertiary,no,1348,yes,no,-1,0,unknown,0,0.12915211243268002,True,1777
22026,38,technician,single,tertiary,no,221,no,no,-1,0,unknown,0,0.12913186880536232,True,1778
20594,33,management,married,tertiary,no,1071,no,no,-1,0,unknown,0,0.12904237707863836,True,1779
25000,36,management,married,tertiary,no,871,no,no,-1,0,unknown,0,0.12904237707863836,True,1780
44954,32,management,married,tertiary,no,927,no,no,-1,0,unknown,0,0.12904237707863836,True,1781
20020,34,management,married,tertiary,no,832,no,no,-1,0,unknown,0,0.12904237707863836,True,1782
19886,33,management,married,tertiary,no,1047,no,no,-1,0,unknown,1,0.12904237707863836,True,1783
30254,36,blue-collar,single,secondary,no,767,no,no,-1,0,unknown,0,0.12902988414730082,True,1784
27977,47,technician,married,secondary,no,487,no,no,177,1,failure,0,0.1289659073549845,True,1785
6504,20,student,single,tertiary,no,556,yes,no,-1,0,unknown,0,0.1288063691280207,True,1786
24259,39,entrepreneur,married,tertiary,no,1654,no,no,-1,0,unknown,0,0.12880416118316665,True,1787
24344,57,admin.,single,secondary,no,738,no,no,-1,0,unknown,0,0.12855192031505308,True,1788
20091,31,technician,single,secondary,no,388,no,no,-1,0,unknown,0,0.1285280563028257,True,1789
43227,54,housemaid,married,tertiary,no,2473,no,no,-1,0,unknown,1,0.12845369774823828,True,1790
26864,38,management,married,tertiary,no,1021,no,no,-1,0,unknown,0,0.1284366716115885,True,1791
4392,37,management,married,tertiary,no,897,no,no,-1,0,unknown,0,0.1284366716115885,True,1792
44880,38,management,married,tertiary,no,845,no,no,-1,0,unknown,0,0.1284366716115885,True,1793
34759,23,admin.,single,secondary,no,589,yes,no,-1,0,unknown,0,0.12837986955327074,True,1794
38881,26,student,single,tertiary,no,251,yes,no,-1,0,unknown,0,0.12837209953283082,True,1795
20509,30,management,married,secondary,no,850,no,no,-1,0,unknown,1,0.12832471599834352,True,1796
15871,29,blue-collar,married,secondary,no,358,no,no,-1,0,unknown,0,0.12825050939487564,True,1797
2004,23,management,single,unknown,no,375,yes,no,-1,0,unknown,0,0.12822026842911335,True,1798
8736,52,admin.,divorced,secondary,no,2002,no,no,-1,0,unknown,0,0.12821664822363987,True,1799
27533,49,admin.,divorced,secondary,no,1320,no,no,-1,0,unknown,0,0.12821664822363987,True,1800
20517,42,unemployed,divorced,secondary,no,759,no,no,-1,0,unknown,0,0.128014703605566,True,1801
24597,34,management,single,tertiary,no,2347,no,yes,-1,0,unknown,0,0.1279995691274529,True,1802
41725,34,blue-collar,single,unknown,no,484,no,no,-1,0,unknown,0,0.12798862556734766,True,1803
28967,47,technician,divorced,secondary,no,129,no,no,222,2,failure,0,0.12793773586133292,True,1804
16347,36,management,divorced,tertiary,no,14930,no,no,-1,0,unknown,0,0.12784743456550837,True,1805
11030,50,management,single,tertiary,no,267,no,no,-1,0,unknown,0,0.12776589146167802,True,1806
13872,34,self-employed,married,tertiary,no,870,no,no,-1,0,unknown,0,0.12762298178218293,True,1807
30474,33,self-employed,married,tertiary,no,1099,no,no,-1,0,unknown,0,0.12762298178218293,True,1808
17112,33,self-employed,married,tertiary,no,980,no,no,-1,0,unknown,0,0.12762298178218293,True,1809
